"name","emails","image","label","phone","rating","review_Count","website","breadcrumb","url","TimeStamp"
"The Mall","","https://dynamic-media-cdn.tripadvisor.com/media/photo-o/07/ba/74/fe/the-mall.jpg?w=500&h=-1&s=1","","","4.0","2,918","","Asia > India > Himachal Pradesh > Shimla District > Shimla > Things to Do in Shimla","https://www.tripadvisor.com/Attraction_Review-g304552-d319704-Reviews-The_Mall-Shimla_Shimla_District_Himachal_Pradesh.html","2024-02-29T18:56:07Z"
"Jakhu Hanuman Temple","","https://dynamic-media-cdn.tripadvisor.com/media/photo-o/07/c2/fe/06/jakhu-temple.jpg?w=500&h=400&s=1","","","4.5","2,071","","Asia > India > Himachal Pradesh > Shimla District > Shimla > Things to Do in Shimla","https://www.tripadvisor.com/Attraction_Review-g304552-d320063-Reviews-Jakhu_Hanuman_Temple-Shimla_Shimla_District_Himachal_Pradesh.html","2024-02-29T18:56:07Z"
"Viceregal Lodge","","https://dynamic-media-cdn.tripadvisor.com/media/photo-o/0b/ff/a4/24/viceregal-lodge-turned.jpg?w=500&h=400&s=1","","","4.5","1,501","","Asia > India > Himachal Pradesh > Shimla District > Shimla > Things to Do in Shimla","https://www.tripadvisor.com/Attraction_Review-g304552-d1469632-Reviews-Viceregal_Lodge-Shimla_Shimla_District_Himachal_Pradesh.html","2024-02-29T18:56:07Z"
"The Ridge","","https://dynamic-media-cdn.tripadvisor.com/media/photo-o/0e/3f/89/e2/church-at-ridge.jpg?w=500&h=400&s=1","","","4.5","957","","Asia > India > Himachal Pradesh > Shimla District > Shimla > Things to Do in Shimla","https://www.tripadvisor.com/Attraction_Review-g304552-d6496310-Reviews-The_Ridge-Shimla_Shimla_District_Himachal_Pradesh.html","2024-02-29T18:56:07Z"
"Indian Institute of Advanced Study","","https://dynamic-media-cdn.tripadvisor.com/media/photo-o/18/0f/81/51/advance-study-shimla.jpg?w=500&h=400&s=1","","","4.5","763","","Asia > India > Himachal Pradesh > Shimla District > Shimla > Things to Do in Shimla","https://www.tripadvisor.com/Attraction_Review-g304552-d3220666-Reviews-Indian_Institute_of_Advanced_Study-Shimla_Shimla_District_Himachal_Pradesh.html","2024-02-29T18:56:07Z"
"Gaiety Heritage Cultural Complex","","https://dynamic-media-cdn.tripadvisor.com/media/photo-o/09/00/ea/f9/gaiety-heritage-cultural.jpg?w=500&h=-1&s=1","","","4.5","348","","Asia > India > Himachal Pradesh > Shimla District > Shimla > Things to Do in Shimla","https://www.tripadvisor.com/Attraction_Review-g304552-d3202960-Reviews-Gaiety_Heritage_Cultural_Complex-Shimla_Shimla_District_Himachal_Pradesh.html","2024-02-29T18:56:07Z"
"Christ Church","","https://dynamic-media-cdn.tripadvisor.com/media/photo-o/18/0f/81/d0/christ-church-shimla.jpg?w=500&h=400&s=1","","","4.0","909","","Asia > India > Himachal Pradesh > Shimla District > Shimla > Things to Do in Shimla","https://www.tripadvisor.com/Attraction_Review-g304552-d2721945-Reviews-Christ_Church-Shimla_Shimla_District_Himachal_Pradesh.html","2024-02-29T18:56:07Z"
"Annandale Ground","","https://dynamic-media-cdn.tripadvisor.com/media/photo-o/11/3d/cb/dd/annandale.jpg?w=500&h=400&s=1","","","4.5","258","","Asia > India > Himachal Pradesh > Shimla District > Shimla > Things to Do in Shimla","https://www.tripadvisor.com/Attraction_Review-g304552-d2300015-Reviews-Annandale_Ground-Shimla_Shimla_District_Himachal_Pradesh.html","2024-02-29T18:56:07Z"
"Scandal Point","","https://dynamic-media-cdn.tripadvisor.com/media/photo-o/0f/98/64/66/scandal-point.jpg?w=500&h=400&s=1","","","4.0","452","","Asia > India > Himachal Pradesh > Shimla District > Shimla > Things to Do in Shimla","https://www.tripadvisor.com/Attraction_Review-g304552-d3733114-Reviews-Scandal_Point-Shimla_Shimla_District_Himachal_Pradesh.html","2024-02-29T18:56:07Z"
"Green Valley","","https://dynamic-media-cdn.tripadvisor.com/media/photo-o/0e/03/58/23/green-valley-1.jpg?w=500&h=400&s=1","","","4.0","383","","Asia > India > Himachal Pradesh > Shimla District > Shimla > Things to Do in Shimla","https://www.tripadvisor.com/Attraction_Review-g304552-d2651232-Reviews-Green_Valley-Shimla_Shimla_District_Himachal_Pradesh.html","2024-02-29T18:56:07Z"
"Kali Bari Temple","","https://dynamic-media-cdn.tripadvisor.com/media/photo-o/15/d1/00/fa/shimla-kali-bari.jpg?w=500&h=-1&s=1","","","4.5","261","","Asia > India > Himachal Pradesh > Shimla District > Shimla > Things to Do in Shimla","https://www.tripadvisor.com/Attraction_Review-g304552-d3279003-Reviews-Kali_Bari_Temple-Shimla_Shimla_District_Himachal_Pradesh.html","2024-02-29T18:56:07Z"
"Jakhoo Hill","","https://dynamic-media-cdn.tripadvisor.com/media/photo-o/06/4e/05/e5/jakhoo.jpg?w=500&h=400&s=1","","","4.5","125","","Asia > India > Himachal Pradesh > Shimla District > Shimla > Things to Do in Shimla","https://www.tripadvisor.com/Attraction_Review-g304552-d6496329-Reviews-Jakhoo_Hill-Shimla_Shimla_District_Himachal_Pradesh.html","2024-02-29T18:56:07Z"
"Shimla Heritage Walk","","https://dynamic-media-cdn.tripadvisor.com/media/photo-o/05/07/66/81/shimla-heritage-walk.jpg?w=500&h=-1&s=1","","","4.5","131","","Asia > India > Himachal Pradesh > Shimla District > Shimla > Things to Do in Shimla","https://www.tripadvisor.com/Attraction_Review-g304552-d3842379-Reviews-Shimla_Heritage_Walk-Shimla_Shimla_District_Himachal_Pradesh.html","2024-02-29T18:56:07Z"
"Annandale Army Heritage Museum","","https://dynamic-media-cdn.tripadvisor.com/media/photo-o/04/61/a5/f5/annadale.jpg?w=500&h=400&s=1","","","4.5","93","","Asia > India > Himachal Pradesh > Shimla District > Shimla > Things to Do in Shimla","https://www.tripadvisor.com/Attraction_Review-g304552-d4103929-Reviews-Annandale_Army_Heritage_Museum-Shimla_Shimla_District_Himachal_Pradesh.html","2024-02-29T18:56:07Z"
"Reserve Forest Sanctuary","","https://dynamic-media-cdn.tripadvisor.com/media/photo-o/03/cb/c5/cd/reserve-forest-sanctuary.jpg?w=500&h=400&s=1","","","4.5","51","","Asia > India > Himachal Pradesh > Shimla District > Shimla > Things to Do in Shimla","https://www.tripadvisor.com/Attraction_Review-g304552-d3705246-Reviews-Reserve_Forest_Sanctuary-Shimla_Shimla_District_Himachal_Pradesh.html","2024-02-29T18:56:07Z"
"Lakkar Bazaar","","https://dynamic-media-cdn.tripadvisor.com/media/photo-o/05/57/3b/eb/lakkar-bazaar-shops-2.jpg?w=500&h=-1&s=1","","","4.0","101","","Asia > India > Himachal Pradesh > Shimla District > Shimla > Things to Do in Shimla","https://www.tripadvisor.com/Attraction_Review-g304552-d3705605-Reviews-Lakkar_Bazaar-Shimla_Shimla_District_Himachal_Pradesh.html","2024-02-29T18:56:07Z"
"The Glen","","https://dynamic-media-cdn.tripadvisor.com/media/photo-o/02/6b/89/da/filename-make-your-uttaranchal.jpg?w=400&h=-1&s=1","","","4.0","60","","Asia > India > Himachal Pradesh > Shimla District > Shimla > Things to Do in Shimla","https://www.tripadvisor.com/Attraction_Review-g304552-d2649575-Reviews-The_Glen-Shimla_Shimla_District_Himachal_Pradesh.html","2024-02-29T18:56:07Z"
"Summer Hill","","https://dynamic-media-cdn.tripadvisor.com/media/photo-o/16/2e/3b/24/center-for-advance-studies.jpg?w=500&h=400&s=1","","","4.0","67","","Asia > India > Himachal Pradesh > Shimla District > Shimla > Things to Do in Shimla","https://www.tripadvisor.com/Attraction_Review-g304552-d3705000-Reviews-Summer_Hill-Shimla_Shimla_District_Himachal_Pradesh.html","2024-02-29T18:56:07Z"
"Kufri Fun World","","https://dynamic-media-cdn.tripadvisor.com/media/photo-o/12/f4/9d/52/view-from-the-restaurant.jpg?w=500&h=-1&s=1","","","3.5","1,363","","Asia > India > Himachal Pradesh > Shimla District > Shimla > Things to Do in Shimla","https://www.tripadvisor.com/Attraction_Review-g304552-d3347620-Reviews-Kufri_Fun_World-Shimla_Shimla_District_Himachal_Pradesh.html","2024-02-29T18:56:07Z"
"Shaily Peak","","https://dynamic-media-cdn.tripadvisor.com/media/photo-o/12/59/a7/e9/view-from-the-top-of.jpg?w=500&h=400&s=1","","","4.5","26","","Asia > India > Himachal Pradesh > Shimla District > Shimla > Things to Do in Shimla","https://www.tripadvisor.com/Attraction_Review-g304552-d3705379-Reviews-Shaily_Peak-Shimla_Shimla_District_Himachal_Pradesh.html","2024-02-29T18:56:07Z"
"Army Herritage Museum","","https://dynamic-media-cdn.tripadvisor.com/media/photo-o/13/0f/12/a6/museum-house.jpg?w=500&h=-1&s=1","","","4.5","33","","Asia > India > Himachal Pradesh > Shimla District > Shimla > Things to Do in Shimla","https://www.tripadvisor.com/Attraction_Review-g304552-d12589039-Reviews-Army_Herritage_Museum-Shimla_Shimla_District_Himachal_Pradesh.html","2024-02-29T18:56:07Z"
"Jakhu Ropeway","","https://dynamic-media-cdn.tripadvisor.com/media/photo-o/10/b5/da/a3/getlstd-property-photo.jpg?w=500&h=400&s=1","","","4.0","39","","Asia > India > Himachal Pradesh > Shimla District > Shimla > Things to Do in Shimla","https://www.tripadvisor.com/Attraction_Review-g304552-d12914749-Reviews-Jakhu_Ropeway-Shimla_Shimla_District_Himachal_Pradesh.html","2024-02-29T18:56:07Z"
"Himachal State Museum","","https://dynamic-media-cdn.tripadvisor.com/media/photo-o/0e/f5/98/5a/state-museum-exterior.jpg?w=500&h=400&s=1","","","4.0","103","","Asia > India > Himachal Pradesh > Shimla District > Shimla > Things to Do in Shimla","https://www.tripadvisor.com/Attraction_Review-g304552-d3912805-Reviews-Himachal_State_Museum-Shimla_Shimla_District_Himachal_Pradesh.html","2024-02-29T18:56:07Z"
"Sankat Mochan Temple","","https://dynamic-media-cdn.tripadvisor.com/media/photo-o/0a/6b/d9/30/sankat-mochan-temple.jpg?w=500&h=400&s=1","","","4.5","94","","Asia > India > Himachal Pradesh > Shimla District > Shimla > Things to Do in Shimla","https://www.tripadvisor.com/Attraction_Review-g304552-d9974220-Reviews-Sankat_Mochan_Temple-Shimla_Shimla_District_Himachal_Pradesh.html","2024-02-29T18:56:07Z"
"Shimla Water Catchment Wildlife Sanctuary","","https://dynamic-media-cdn.tripadvisor.com/media/photo-o/07/ed/ea/61/shimla-water-catchment.jpg?w=500&h=400&s=1","","","4.5","28","","Asia > India > Himachal Pradesh > Shimla District > Shimla > Things to Do in Shimla","https://www.tripadvisor.com/Attraction_Review-g304552-d8093299-Reviews-Shimla_Water_Catchment_Wildlife_Sanctuary-Shimla_Shimla_District_Himachal_Pradesh.html","2024-02-29T18:56:07Z"
"Laxminarayan Temple","","https://dynamic-media-cdn.tripadvisor.com/media/photo-o/09/05/16/80/laxminarayan-temple.jpg?w=500&h=-1&s=1","","","4.5","26","","Asia > India > Himachal Pradesh > Shimla District > Shimla > Things to Do in Shimla","https://www.tripadvisor.com/Attraction_Review-g304552-d3727138-Reviews-Laxminarayan_Temple-Shimla_Shimla_District_Himachal_Pradesh.html","2024-02-29T18:56:07Z"
"Chadwick Falls","","https://dynamic-media-cdn.tripadvisor.com/media/photo-o/05/b9/cd/cd/chadwick-falls.jpg?w=500&h=-1&s=1","","","4.0","64","","Asia > India > Himachal Pradesh > Shimla District > Shimla > Things to Do in Shimla","https://www.tripadvisor.com/Attraction_Review-g304552-d4139115-Reviews-Chadwick_Falls-Shimla_Shimla_District_Himachal_Pradesh.html","2024-02-29T18:56:07Z"
"Jubbal Palace","","https://dynamic-media-cdn.tripadvisor.com/media/photo-o/0e/f6/8f/fb/jubbal-palace.jpg?w=500&h=400&s=1","","","4.5","22","","Asia > India > Himachal Pradesh > Shimla District > Shimla > Things to Do in Shimla","https://www.tripadvisor.com/Attraction_Review-g304552-d3268102-Reviews-Jubbal_Palace-Shimla_Shimla_District_Himachal_Pradesh.html","2024-02-29T18:56:07Z"
"Dorje Drak Monastery","","https://dynamic-media-cdn.tripadvisor.com/media/photo-o/12/b3/b7/9b/tdac-nyingmapa-monastery.jpg?w=500&h=400&s=1","","","4.5","12","","Asia > India > Himachal Pradesh > Shimla District > Shimla > Things to Do in Shimla","https://www.tripadvisor.com/Attraction_Review-g304552-d3912844-Reviews-Dorje_Drak_Monastery-Shimla_Shimla_District_Himachal_Pradesh.html","2024-02-29T18:56:07Z"
"Tani-Jubber Lake","","https://dynamic-media-cdn.tripadvisor.com/media/photo-o/17/7a/15/ad/the-lake-from-another.jpg?w=500&h=-1&s=1","","","4.0","32","","Asia > India > Himachal Pradesh > Shimla District > Shimla > Things to Do in Shimla","https://www.tripadvisor.com/Attraction_Review-g304552-d3733039-Reviews-Tani_Jubber_Lake-Shimla_Shimla_District_Himachal_Pradesh.html","2024-02-29T18:56:07Z"
"Kamna Devi Temple","","https://dynamic-media-cdn.tripadvisor.com/media/photo-o/0c/1a/4a/e8/the-shrine.jpg?w=500&h=400&s=1","","","4.5","28","","Asia > India > Himachal Pradesh > Shimla District > Shimla > Things to Do in Shimla","https://www.tripadvisor.com/Attraction_Review-g304552-d3279829-Reviews-Kamna_Devi_Temple-Shimla_Shimla_District_Himachal_Pradesh.html","2024-02-29T18:56:07Z"
"Kufri Ski Resort","","https://dynamic-media-cdn.tripadvisor.com/media/photo-o/01/1d/50/34/shimla.jpg?w=500&h=-1&s=1","","","3.0","103","","Asia > India > Himachal Pradesh > Shimla District > Shimla > Things to Do in Shimla","https://www.tripadvisor.com/Attraction_Review-g304552-d320056-Reviews-Kufri_Ski_Resort-Shimla_Shimla_District_Himachal_Pradesh.html","2024-02-29T18:56:07Z"
"Kotkhai Palace","","https://dynamic-media-cdn.tripadvisor.com/media/photo-o/14/5d/cd/60/kotkhai.jpg?w=500&h=-1&s=1","","","4.5","12","","Asia > India > Himachal Pradesh > Shimla District > Shimla > Things to Do in Shimla","https://www.tripadvisor.com/Attraction_Review-g304552-d3704968-Reviews-Kotkhai_Palace-Shimla_Shimla_District_Himachal_Pradesh.html","2024-02-29T18:56:07Z"
"Shoolini Temple","","https://dynamic-media-cdn.tripadvisor.com/media/photo-o/0d/c3/0b/d0/sumant-s.jpg?w=100&h=-1&s=1","","","4.0","33","","Asia > India > Himachal Pradesh > Shimla District > Shimla > Things to Do in Shimla","https://www.tripadvisor.com/Attraction_Review-g304552-d3704889-Reviews-Shoolini_Temple-Shimla_Shimla_District_Himachal_Pradesh.html","2024-02-29T18:56:07Z"
"Kiala Forest","","https://dynamic-media-cdn.tripadvisor.com/media/photo-o/1a/f6/f4/5d/default-avatar-2020-32.jpg?w=100&h=-1&s=1","","","4.5","12","","Asia > India > Himachal Pradesh > Shimla District > Shimla > Things to Do in Shimla","https://www.tripadvisor.com/Attraction_Review-g304552-d3705215-Reviews-Kiala_Forest-Shimla_Shimla_District_Himachal_Pradesh.html","2024-02-29T18:56:07Z"
"Johnnie's Wax Museum","","https://dynamic-media-cdn.tripadvisor.com/media/photo-o/0b/b4/1e/7a/come-live-the-famous.jpg?w=500&h=-1&s=1","","","3.5","75","","Asia > India > Himachal Pradesh > Shimla District > Shimla > Things to Do in Shimla","https://www.tripadvisor.com/Attraction_Review-g304552-d10437817-Reviews-Johnnie_s_Wax_Museum-Shimla_Shimla_District_Himachal_Pradesh.html","2024-02-29T18:56:07Z"
"Luturu Mahadev Temple","","https://dynamic-media-cdn.tripadvisor.com/media/photo-o/1a/f6/f4/5d/default-avatar-2020-32.jpg?w=100&h=-1&s=1","","","4.5","14","","Asia > India > Himachal Pradesh > Shimla District > Shimla > Things to Do in Shimla","https://www.tripadvisor.com/Attraction_Review-g304552-d3704979-Reviews-Luturu_Mahadev_Temple-Shimla_Shimla_District_Himachal_Pradesh.html","2024-02-29T18:56:07Z"
"Shimla Heritage Museum","","https://dynamic-media-cdn.tripadvisor.com/media/photo-o/0d/db/30/e1/shimla-heritage-museum.jpg?w=500&h=-1&s=1","","","4.0","31","","Asia > India > Himachal Pradesh > Shimla District > Shimla > Things to Do in Shimla","https://www.tripadvisor.com/Attraction_Review-g304552-d7046776-Reviews-Shimla_Heritage_Museum-Shimla_Shimla_District_Himachal_Pradesh.html","2024-02-29T18:56:07Z"
"Hip Hip Hurray Amusement Park","","https://dynamic-media-cdn.tripadvisor.com/media/photo-o/0b/8b/2a/d4/inside-entry.jpg?w=500&h=400&s=1","","","3.0","70","","Asia > India > Himachal Pradesh > Shimla District > Shimla > Things to Do in Shimla","https://www.tripadvisor.com/Attraction_Review-g304552-d1759023-Reviews-Hip_Hip_Hurray_Amusement_Park-Shimla_Shimla_District_Himachal_Pradesh.html","2024-02-29T18:56:07Z"
"Tarna Devi Temple","","https://dynamic-media-cdn.tripadvisor.com/media/photo-o/13/de/43/b2/balbirchaudhary.jpg?w=100&h=-1&s=1","","","4.5","20","","Asia > India > Himachal Pradesh > Shimla District > Shimla > Things to Do in Shimla","https://www.tripadvisor.com/Attraction_Review-g304552-d7788308-Reviews-Tarna_Devi_Temple-Shimla_Shimla_District_Himachal_Pradesh.html","2024-02-29T18:56:07Z"
"Mahamaya Temple","","https://dynamic-media-cdn.tripadvisor.com/media/photo-o/1a/f6/7c/01/default-avatar-2020-5.jpg?w=100&h=-1&s=1","","","4.5","8","","Asia > India > Himachal Pradesh > Shimla District > Shimla > Things to Do in Shimla","https://www.tripadvisor.com/Attraction_Review-g304552-d3705876-Reviews-Mahamaya_Temple-Shimla_Shimla_District_Himachal_Pradesh.html","2024-02-29T18:56:07Z"
"Rothney Castle","","https://dynamic-media-cdn.tripadvisor.com/media/photo-o/1a/f6/e2/e6/default-avatar-2020-45.jpg?w=100&h=-1&s=1","","","4.5","4","","Asia > India > Himachal Pradesh > Shimla District > Shimla > Things to Do in Shimla","https://www.tripadvisor.com/Attraction_Review-g304552-d3705717-Reviews-Rothney_Castle-Shimla_Shimla_District_Himachal_Pradesh.html","2024-02-29T18:56:07Z"
"Baba Bhalku Railway Museum","","https://dynamic-media-cdn.tripadvisor.com/media/photo-o/0f/19/e5/a5/click-to-a-photograph.jpg?w=500&h=400&s=1","","","4.0","16","","Asia > India > Himachal Pradesh > Shimla District > Shimla > Things to Do in Shimla","https://www.tripadvisor.com/Attraction_Review-g304552-d6974267-Reviews-Baba_Bhalku_Railway_Museum-Shimla_Shimla_District_Himachal_Pradesh.html","2024-02-29T18:56:07Z"
"Prantika","","https://dynamic-media-cdn.tripadvisor.com/media/photo-o/09/c2/50/6f/prantika.jpg?w=500&h=400&s=1","","","4.5","6","","Asia > India > Himachal Pradesh > Shimla District > Shimla > Things to Do in Shimla","https://www.tripadvisor.com/Attraction_Review-g304552-d4558041-Reviews-Prantika-Shimla_Shimla_District_Himachal_Pradesh.html","2024-02-29T18:56:07Z"
"Manorville Mansion Shimla","","https://dynamic-media-cdn.tripadvisor.com/media/photo-o/09/5e/a4/38/manorville-mansion.jpg?w=300&h=200&s=1","","","4.0","10","","Asia > India > Himachal Pradesh > Shimla District > Shimla > Things to Do in Shimla","https://www.tripadvisor.com/Attraction_Review-g304552-d3705476-Reviews-Manorville_Mansion_Shimla-Shimla_Shimla_District_Himachal_Pradesh.html","2024-02-29T18:56:07Z"
"Bantony Castle","","https://dynamic-media-cdn.tripadvisor.com/media/photo-o/29/9f/11/87/bantony-castle.jpg?w=500&h=-1&s=1","","","4.5","4","","Asia > India > Himachal Pradesh > Shimla District > Shimla > Things to Do in Shimla","https://www.tripadvisor.com/Attraction_Review-g304552-d14123939-Reviews-Bantony_Castle-Shimla_Shimla_District_Himachal_Pradesh.html","2024-02-29T18:56:07Z"
"Gurkha Gate","","https://dynamic-media-cdn.tripadvisor.com/media/photo-o/2a/f0/bc/a1/caption.jpg?w=500&h=-1&s=1","","","4.0","5","","Asia > India > Himachal Pradesh > Shimla District > Shimla > Things to Do in Shimla","https://www.tripadvisor.com/Attraction_Review-g304552-d3913508-Reviews-Gurkha_Gate-Shimla_Shimla_District_Himachal_Pradesh.html","2024-02-29T18:56:07Z"
"Himalayan Bird Park","","https://dynamic-media-cdn.tripadvisor.com/media/photo-o/13/50/62/df/himalayan-bird-park.jpg?w=500&h=-1&s=1","","","3.0","32","","Asia > India > Himachal Pradesh > Shimla District > Shimla > Things to Do in Shimla","https://www.tripadvisor.com/Attraction_Review-g304552-d7930730-Reviews-Himalayan_Bird_Park-Shimla_Shimla_District_Himachal_Pradesh.html","2024-02-29T18:56:07Z"
"Image Art Gallery","","https://dynamic-media-cdn.tripadvisor.com/media/photo-o/28/a9/28/26/he-is-the-superstar-from.jpg?w=500&h=400&s=1","","","4.0","5","","Asia > India > Himachal Pradesh > Shimla District > Shimla > Things to Do in Shimla","https://www.tripadvisor.com/Attraction_Review-g304552-d3207809-Reviews-Image_Art_Gallery-Shimla_Shimla_District_Himachal_Pradesh.html","2024-02-29T18:56:07Z"
"Indira Tourist Park","","https://dynamic-media-cdn.tripadvisor.com/media/photo-o/08/29/00/1d/nature.jpg?w=500&h=-1&s=1","","","3.0","20","","Asia > India > Himachal Pradesh > Shimla District > Shimla > Things to Do in Shimla","https://www.tripadvisor.com/Attraction_Review-g304552-d3207937-Reviews-Indira_Tourist_Park-Shimla_Shimla_District_Himachal_Pradesh.html","2024-02-29T18:56:07Z"
"Kogi Mata Temple","","https://dynamic-media-cdn.tripadvisor.com/media/photo-o/1a/f6/7c/01/default-avatar-2020-5.jpg?w=100&h=-1&s=1","","","4.5","5","","Asia > India > Himachal Pradesh > Shimla District > Shimla > Things to Do in Shimla","https://www.tripadvisor.com/Attraction_Review-g304552-d3705948-Reviews-Kogi_Mata_Temple-Shimla_Shimla_District_Himachal_Pradesh.html","2024-02-29T18:56:07Z"
"Derthu Mata Temple","","https://dynamic-media-cdn.tripadvisor.com/media/photo-o/15/85/d0/d8/this-place-is-magical.jpg?w=500&h=400&s=1","","","5.0","4","","Asia > India > Himachal Pradesh > Shimla District > Shimla > Things to Do in Shimla","https://www.tripadvisor.com/Attraction_Review-g304552-d15253948-Reviews-Derthu_Mata_Temple-Shimla_Shimla_District_Himachal_Pradesh.html","2024-02-29T18:56:07Z"
"Baragaon","","https://dynamic-media-cdn.tripadvisor.com/media/photo-o/04/cf/65/1f/brahmeswer-mahadev-temple.jpg?w=500&h=-1&s=1","","","4.0","6","","Asia > India > Himachal Pradesh > Shimla District > Shimla > Things to Do in Shimla","https://www.tripadvisor.com/Attraction_Review-g304552-d5486774-Reviews-Baragaon-Shimla_Shimla_District_Himachal_Pradesh.html","2024-02-29T18:56:07Z"
"Shrikhand Mahadev","","https://dynamic-media-cdn.tripadvisor.com/media/photo-o/16/33/b5/fe/f.jpg?w=500&h=-1&s=1","","","4.0","3","","Asia > India > Himachal Pradesh > Shimla District > Shimla > Things to Do in Shimla","https://www.tripadvisor.com/Attraction_Review-g304552-d14922233-Reviews-Shrikhand_Mahadev-Shimla_Shimla_District_Himachal_Pradesh.html","2024-02-29T18:56:07Z"
"SkyJumper Trampoline Park - Shimla","","https://dynamic-media-cdn.tripadvisor.com/media/photo-o/15/ad/90/26/getlstd-property-photo.jpg?w=500&h=400&s=1","","","5.0","28","","Asia > India > Himachal Pradesh > Shimla District > Shimla > Things to Do in Shimla","https://www.tripadvisor.com/Attraction_Review-g304552-d15610928-Reviews-SkyJumper_Trampoline_Park_Shimla-Shimla_Shimla_District_Himachal_Pradesh.html","2024-02-29T18:56:07Z"
"Monument Rani Jhansi","","https://dynamic-media-cdn.tripadvisor.com/media/photo-o/12/b9/2d/c3/history-of-ladies-park.jpg?w=500&h=-1&s=1","","","4.0","6","","Asia > India > Himachal Pradesh > Shimla District > Shimla > Things to Do in Shimla","https://www.tripadvisor.com/Attraction_Review-g304552-d12200976-Reviews-Monument_Rani_Jhansi-Shimla_Shimla_District_Himachal_Pradesh.html","2024-02-29T18:56:07Z"
"Majathal Wildlife Sanctuary","","https://dynamic-media-cdn.tripadvisor.com/media/photo-o/1a/f6/ea/b2/default-avatar-2020-69.jpg?w=100&h=-1&s=1","","","4.0","4","","Asia > India > Himachal Pradesh > Shimla District > Shimla > Things to Do in Shimla","https://www.tripadvisor.com/Attraction_Review-g304552-d4435741-Reviews-Majathal_Wildlife_Sanctuary-Shimla_Shimla_District_Himachal_Pradesh.html","2024-02-29T18:56:07Z"
"Padhai Kali Mata Temple","","https://dynamic-media-cdn.tripadvisor.com/media/photo-o/07/0a/35/d1/getlstd-property-photo.jpg?w=500&h=400&s=1","","","4.5","2","","Asia > India > Himachal Pradesh > Shimla District > Shimla > Things to Do in Shimla","https://www.tripadvisor.com/Attraction_Review-g304552-d7314614-Reviews-Padhai_Kali_Mata_Temple-Shimla_Shimla_District_Himachal_Pradesh.html","2024-02-29T18:56:07Z"
"Arya Samaj Mandir Temple","","https://dynamic-media-cdn.tripadvisor.com/media/photo-o/17/6a/94/1e/sy1-sunny.jpg?w=100&h=-1&s=1","","","3.5","5","","Asia > India > Himachal Pradesh > Shimla District > Shimla > Things to Do in Shimla","https://www.tripadvisor.com/Attraction_Review-g304552-d3170418-Reviews-Arya_Samaj_Mandir_Temple-Shimla_Shimla_District_Himachal_Pradesh.html","2024-02-29T18:56:07Z"
"Daulat Singh Park","","https://dynamic-media-cdn.tripadvisor.com/media/photo-o/13/0c/88/06/current-state-of-the.jpg?w=500&h=-1&s=1","","","4.0","5","","Asia > India > Himachal Pradesh > Shimla District > Shimla > Things to Do in Shimla","https://www.tripadvisor.com/Attraction_Review-g304552-d14124327-Reviews-Daulat_Singh_Park-Shimla_Shimla_District_Himachal_Pradesh.html","2024-02-29T18:56:07Z"
"Manjathal Santuary","","https://dynamic-media-cdn.tripadvisor.com/media/photo-o/1a/f6/ef/73/default-avatar-2020-13.jpg?w=100&h=-1&s=1","","","4.0","4","","Asia > India > Himachal Pradesh > Shimla District > Shimla > Things to Do in Shimla","https://www.tripadvisor.com/Attraction_Review-g304552-d3705197-Reviews-Manjathal_Santuary-Shimla_Shimla_District_Himachal_Pradesh.html","2024-02-29T18:56:07Z"
"St","","https://dynamic-media-cdn.tripadvisor.com/media/photo-o/1a/f6/e4/2d/default-avatar-2020-48.jpg?w=100&h=-1&s=1","","","4.0","4","","Asia > India > Himachal Pradesh > Shimla District > Shimla > Things to Do in Shimla","https://www.tripadvisor.com/Attraction_Review-g304552-d3913054-Reviews-St_Andrew_s_Church-Shimla_Shimla_District_Himachal_Pradesh.html","2024-02-29T18:56:07Z"
"Prospect Hill","","https://dynamic-media-cdn.tripadvisor.com/media/photo-o/1a/f6/df/2b/default-avatar-2020-39.jpg?w=100&h=-1&s=1","","","3.5","4","","Asia > India > Himachal Pradesh > Shimla District > Shimla > Things to Do in Shimla","https://www.tripadvisor.com/Attraction_Review-g304552-d4139118-Reviews-Prospect_Hill-Shimla_Shimla_District_Himachal_Pradesh.html","2024-02-29T18:56:07Z"
"Kanlog Cemetery","","https://dynamic-media-cdn.tripadvisor.com/media/photo-o/14/8f/cd/7b/western-part-of-the-cemetery.jpg?w=500&h=-1&s=1","","","3.5","3","","Asia > India > Himachal Pradesh > Shimla District > Shimla > Things to Do in Shimla","https://www.tripadvisor.com/Attraction_Review-g304552-d15095607-Reviews-Kanlog_Cemetery-Shimla_Shimla_District_Himachal_Pradesh.html","2024-02-29T18:56:07Z"
"Dhilon Pond","","","","","3.5","4","","Asia > India > Himachal Pradesh > Shimla District > Shimla > Things to Do in Shimla","https://www.tripadvisor.com/Attraction_Review-g304552-d3187141-Reviews-Dhilon_Pond-Shimla_Shimla_District_Himachal_Pradesh.html","2024-02-29T18:56:07Z"
"Diwan-i-Khas Audience Hall","","https://dynamic-media-cdn.tripadvisor.com/media/photo-o/1e/02/3d/28/sajeed-k.jpg?w=100&h=-1&s=1","","","3.5","3","","Asia > India > Himachal Pradesh > Shimla District > Shimla > Things to Do in Shimla","https://www.tripadvisor.com/Attraction_Review-g304552-d3187400-Reviews-Diwan_i_Khas_Audience_Hall-Shimla_Shimla_District_Himachal_Pradesh.html","2024-02-29T18:56:07Z"
"Hotel Hot Spring Therme & Spa","","https://dynamic-media-cdn.tripadvisor.com/media/photo-o/08/6c/2f/b0/bful-place.jpg?w=500&h=400&s=1","","","4.0","29","","Asia > India > Himachal Pradesh > Shimla District > Shimla > Things to Do in Shimla","https://www.tripadvisor.com/Attraction_Review-g304552-d6681398-Reviews-Hotel_Hot_Spring_Therme_Spa-Shimla_Shimla_District_Himachal_Pradesh.html","2024-02-29T18:56:07Z"
"Kanag","","","","",0,"0","","Asia > India > Himachal Pradesh > Shimla District > Shimla > Things to Do in Shimla","https://www.tripadvisor.com/Attraction_Review-g12676596-d24834233-Reviews-Kanag-Theog_Shimla_Shimla_District_Himachal_Pradesh.html","2024-02-29T18:56:07Z"
"The Great Wall Of Shimla","","","","",0,"0","","Asia > India > Himachal Pradesh > Shimla District > Shimla > Things to Do in Shimla","https://www.tripadvisor.com/Attraction_Review-g304552-d23741412-Reviews-The_Great_Wall_Of_Shimla-Shimla_Shimla_District_Himachal_Pradesh.html","2024-02-29T18:56:07Z"
"Railway Board Building","","","","",0,"0","","Asia > India > Himachal Pradesh > Shimla District > Shimla > Things to Do in Shimla","https://www.tripadvisor.com/Attraction_Review-g304552-d26357986-Reviews-Railway_Board_Building-Shimla_Shimla_District_Himachal_Pradesh.html","2024-02-29T18:56:07Z"
"Taxi Service In Shimla Tour And Travels","","https://dynamic-media-cdn.tripadvisor.com/media/photo-o/16/fe/22/1c/travel-company-in-shimla.jpg?w=500&h=-1&s=1","","","5.0","15","","Asia > India > Himachal Pradesh > Shimla District > Shimla > Things to Do in Shimla","https://www.tripadvisor.com/Attraction_Review-g304552-d16775098-Reviews-Taxi_Service_In_Shimla_Tour_And_Travels-Shimla_Shimla_District_Himachal_Pradesh.html","2024-02-29T18:56:07Z"
"Himalaya Rides","","https://dynamic-media-cdn.tripadvisor.com/media/photo-o/13/1f/65/12/unknown-terrains.jpg?w=500&h=400&s=1","","","5.0","21","","Asia > India > Himachal Pradesh > Shimla District > Shimla > Things to Do in Shimla","https://www.tripadvisor.com/Attraction_Review-g304552-d12259871-Reviews-Himalaya_Rides-Shimla_Shimla_District_Himachal_Pradesh.html","2024-02-29T18:56:07Z"
"Himachal Taxi","","https://dynamic-media-cdn.tripadvisor.com/media/photo-o/17/13/b8/1d/more-of-spiti.jpg?w=500&h=400&s=1","","","4.5","12","","Asia > India > Himachal Pradesh > Shimla District > Shimla > Things to Do in Shimla","https://www.tripadvisor.com/Attraction_Review-g304552-d15050492-Reviews-Himachal_Taxi-Shimla_Shimla_District_Himachal_Pradesh.html","2024-02-29T18:56:07Z"
"Akasa Spa @ Hotel Willow Banks","","https://dynamic-media-cdn.tripadvisor.com/media/photo-o/13/b8/d7/17/getlstd-property-photo.jpg?w=500&h=400&s=1","","","5.0","9","","Asia > India > Himachal Pradesh > Shimla District > Shimla > Things to Do in Shimla","https://www.tripadvisor.com/Attraction_Review-g304552-d14897682-Reviews-Akasa_Spa_Hotel_Willow_Banks-Shimla_Shimla_District_Himachal_Pradesh.html","2024-02-29T18:56:07Z"
"Shimla Rider MotorBike Rentals","","https://dynamic-media-cdn.tripadvisor.com/media/photo-o/13/4d/d7/07/the-motorcycle-rental.jpg?w=500&h=-1&s=1","","","4.5","19","","Asia > India > Himachal Pradesh > Shimla District > Shimla > Things to Do in Shimla","https://www.tripadvisor.com/Attraction_Review-g304552-d13995279-Reviews-Shimla_Rider_MotorBike_Rentals-Shimla_Shimla_District_Himachal_Pradesh.html","2024-02-29T18:56:07Z"
"Shawl Hut","","https://dynamic-media-cdn.tripadvisor.com/media/photo-o/15/e7/d3/bd/mrs-singh-showing-her.jpg?w=500&h=400&s=1","","","4.0","9","","Asia > India > Himachal Pradesh > Shimla District > Shimla > Things to Do in Shimla","https://www.tripadvisor.com/Attraction_Review-g304552-d4090153-Reviews-Shawl_Hut-Shimla_Shimla_District_Himachal_Pradesh.html","2024-02-29T18:56:07Z"
"City Centre Mall","","https://dynamic-media-cdn.tripadvisor.com/media/photo-o/0c/48/c9/b0/img-20160524-wa0016-largejpg.jpg?w=500&h=400&s=1","","","4.0","10","","Asia > India > Himachal Pradesh > Shimla District > Shimla > Things to Do in Shimla","https://www.tripadvisor.com/Attraction_Review-g304552-d4556538-Reviews-City_Centre_Mall-Shimla_Shimla_District_Himachal_Pradesh.html","2024-02-29T18:56:07Z"
"Kalka - Shimla Railway","","https://dynamic-media-cdn.tripadvisor.com/media/photo-o/02/33/2b/98/the-loco.jpg?w=500&h=400&s=1","","","4.5","1,809","","Asia > India > Himachal Pradesh > Shimla District > Shimla > Things to Do in Shimla","https://www.tripadvisor.com/Attraction_Review-g304552-d498331-Reviews-Kalka_Shimla_Railway-Shimla_Shimla_District_Himachal_Pradesh.html","2024-02-29T18:56:07Z"
"Trans Himalaya Travels","","https://dynamic-media-cdn.tripadvisor.com/media/photo-o/19/86/b0/92/caption.jpg?w=500&h=400&s=1","","","4.5","219","","Asia > India > Himachal Pradesh > Shimla District > Shimla > Things to Do in Shimla","https://www.tripadvisor.com/Attraction_Review-g304552-d19080532-Reviews-Trans_Himalaya_Travels-Shimla_Shimla_District_Himachal_Pradesh.html","2024-02-29T18:56:07Z"
"La Himalaya Expeditions","","https://dynamic-media-cdn.tripadvisor.com/media/photo-o/1c/ce/cd/eb/caption.jpg?w=500&h=400&s=1","","","5.0","180","","Asia > India > Himachal Pradesh > Shimla District > Shimla > Things to Do in Shimla","https://www.tripadvisor.com/Attraction_Review-g304552-d23284529-Reviews-La_Himalaya_Expeditions-Shimla_Shimla_District_Himachal_Pradesh.html","2024-02-29T18:56:07Z"
"Adventure Explorer","","https://dynamic-media-cdn.tripadvisor.com/media/photo-o/13/aa/a8/78/adventure-explorer.jpg?w=500&h=400&s=1","","","5.0","118","","Asia > India > Himachal Pradesh > Shimla District > Shimla > Things to Do in Shimla","https://www.tripadvisor.com/Attraction_Review-g304552-d14200281-Reviews-Adventure_Explorer-Shimla_Shimla_District_Himachal_Pradesh.html","2024-02-29T18:56:07Z"
"Massif Rides","","https://dynamic-media-cdn.tripadvisor.com/media/photo-o/14/45/95/f4/spiti.jpg?w=500&h=400&s=1","","","5.0","3","","Asia > India > Himachal Pradesh > Shimla District > Shimla > Things to Do in Shimla","https://www.tripadvisor.com/Attraction_Review-g304552-d14975765-Reviews-Massif_Rides-Shimla_Shimla_District_Himachal_Pradesh.html","2024-02-29T18:56:07Z"
"Sansha Spa","","","","",0,"0","","Asia > India > Himachal Pradesh > Shimla District > Shimla > Things to Do in Shimla","https://www.tripadvisor.com/Attraction_Review-g304552-d5782402-Reviews-Sansha_Spa-Shimla_Shimla_District_Himachal_Pradesh.html","2024-02-29T18:56:07Z"
"Shimla Taxi Services","","https://dynamic-media-cdn.tripadvisor.com/media/photo-o/29/08/cd/4f/mall-road-shimla.jpg?w=500&h=-1&s=1","","","5.0","1","","Asia > India > Himachal Pradesh > Shimla District > Shimla > Things to Do in Shimla","https://www.tripadvisor.com/Attraction_Review-g304552-d25398907-Reviews-Shimla_Taxi_Services-Shimla_Shimla_District_Himachal_Pradesh.html","2024-02-29T18:56:07Z"
"Svaastha Spa","","","","",0,"0","","Asia > India > Himachal Pradesh > Shimla District > Shimla > Things to Do in Shimla","https://www.tripadvisor.com/Attraction_Review-g304552-d5782403-Reviews-Svaastha_Spa-Shimla_Shimla_District_Himachal_Pradesh.html","2024-02-29T18:56:07Z"
"Shimla Walks","","https://dynamic-media-cdn.tripadvisor.com/media/photo-o/13/d1/09/55/getlstd-property-photo.jpg?w=500&h=400&s=1","","","5.0","51","","Asia > India > Himachal Pradesh > Shimla District > Shimla > Things to Do in Shimla","https://www.tripadvisor.com/Attraction_Review-g304552-d7191664-Reviews-Shimla_Walks-Shimla_Shimla_District_Himachal_Pradesh.html","2024-02-29T18:56:07Z"
"Vishram Spa By Siddha Wellness","","","","",0,"0","","Asia > India > Himachal Pradesh > Shimla District > Shimla > Things to Do in Shimla","https://www.tripadvisor.com/Attraction_Review-g304552-d23891629-Reviews-Vishram_Spa_By_Siddha_Wellness-Shimla_Shimla_District_Himachal_Pradesh.html","2024-02-29T18:56:07Z"
"Aster Spa By Siddha Wellness","","","","",0,"0","","Asia > India > Himachal Pradesh > Shimla District > Shimla > Things to Do in Shimla","https://www.tripadvisor.com/Attraction_Review-g304552-d23891636-Reviews-Aster_Spa_By_Siddha_Wellness-Shimla_Shimla_District_Himachal_Pradesh.html","2024-02-29T18:56:07Z"
"Savaari Car Rentals","","","","",0,"0","","Asia > India > Himachal Pradesh > Shimla District > Shimla > Things to Do in Shimla","https://www.tripadvisor.com/Attraction_Review-g304552-d23546138-Reviews-Savaari_Car_Rentals-Shimla_Shimla_District_Himachal_Pradesh.html","2024-02-29T18:56:07Z"
"Chiku Cab","","https://dynamic-media-cdn.tripadvisor.com/media/photo-o/1a/63/3e/77/taxiserviceinjaipur.jpg?w=100&h=-1&s=1","","","3.0","2","","Asia > India > Himachal Pradesh > Shimla District > Shimla > Things to Do in Shimla","https://www.tripadvisor.com/Attraction_Review-g304552-d19892048-Reviews-Chiku_Cab-Shimla_Shimla_District_Himachal_Pradesh.html","2024-02-29T18:56:07Z"
"Tour2Himachal","","https://dynamic-media-cdn.tripadvisor.com/media/photo-o/28/d8/4e/25/tour2himachal.jpg?w=500&h=400&s=1","","","5.0","35","","Asia > India > Himachal Pradesh > Shimla District > Shimla > Things to Do in Shimla","https://www.tripadvisor.com/Attraction_Review-g304552-d15074036-Reviews-Tour2Himachal-Shimla_Shimla_District_Himachal_Pradesh.html","2024-02-29T18:56:07Z"
"Larisa Wellness","","","","",0,"0","","Asia > India > Himachal Pradesh > Shimla District > Shimla > Things to Do in Shimla","https://www.tripadvisor.com/Attraction_Review-g304552-d27126015-Reviews-Larisa_Wellness-Shimla_Shimla_District_Himachal_Pradesh.html","2024-02-29T18:56:07Z"
"Mountain Goat Expeditions","","https://dynamic-media-cdn.tripadvisor.com/media/photo-o/1b/48/43/73/caption.jpg?w=500&h=400&s=1","","","5.0","34","","Asia > India > Himachal Pradesh > Shimla District > Shimla > Things to Do in Shimla","https://www.tripadvisor.com/Attraction_Review-g304552-d20809177-Reviews-Mountain_Goat_Expeditions-Shimla_Shimla_District_Himachal_Pradesh.html","2024-02-29T18:56:07Z"
"BLive Ebike Tour - Shimla","","https://dynamic-media-cdn.tripadvisor.com/media/photo-o/1d/39/da/82/caption.jpg?w=500&h=400&s=1","","","5.0","63","","Asia > India > Himachal Pradesh > Shimla District > Shimla > Things to Do in Shimla","https://www.tripadvisor.com/Attraction_Review-g304552-d23484318-Reviews-BLive_Ebike_Tour_Shimla-Shimla_Shimla_District_Himachal_Pradesh.html","2024-02-29T18:56:07Z"
"Wahoe India Travels & Tours - Private Tours","","https://dynamic-media-cdn.tripadvisor.com/media/photo-o/05/4f/ce/f2/wahoe-india-travels-tours.jpg?w=500&h=-1&s=1","","","4.5","32","","Asia > India > Himachal Pradesh > Shimla District > Shimla > Things to Do in Shimla","https://www.tripadvisor.com/Attraction_Review-g304552-d5994123-Reviews-Wahoe_India_Travels_Tours_Private_Tours-Shimla_Shimla_District_Himachal_Pradesh.html","2024-02-29T18:56:07Z"
"Captivate Adventure Travels Day Tours","","https://dynamic-media-cdn.tripadvisor.com/media/photo-o/04/1e/fb/02/a-nice-view-on-the-trip.jpg?w=500&h=400&s=1","","","4.5","21","","Asia > India > Himachal Pradesh > Shimla District > Shimla > Things to Do in Shimla","https://www.tripadvisor.com/Attraction_Review-g304552-d2098332-Reviews-Captivate_Adventure_Travels_Day_Tours-Shimla_Shimla_District_Himachal_Pradesh.html","2024-02-29T18:56:07Z"
"Chalo! Travels","","https://dynamic-media-cdn.tripadvisor.com/media/photo-o/1b/67/02/8a/caption.jpg?w=500&h=400&s=1","","","5.0","8","","Asia > India > Himachal Pradesh > Shimla District > Shimla > Things to Do in Shimla","https://www.tripadvisor.com/Attraction_Review-g304552-d21005102-Reviews-Chalo_Travels-Shimla_Shimla_District_Himachal_Pradesh.html","2024-02-29T18:56:07Z"
"Soul Mountain Expeditions","","https://dynamic-media-cdn.tripadvisor.com/media/photo-o/0a/3a/7d/1e/a-wide-open-meadow.jpg?w=500&h=400&s=1","","","5.0","15","","Asia > India > Himachal Pradesh > Shimla District > Shimla > Things to Do in Shimla","https://www.tripadvisor.com/Attraction_Review-g304552-d9765541-Reviews-Soul_Mountain_Expeditions-Shimla_Shimla_District_Himachal_Pradesh.html","2024-02-29T18:56:07Z"
"High In Himalayas","","https://dynamic-media-cdn.tripadvisor.com/media/photo-o/28/37/f4/3e/caption.jpg?w=500&h=400&s=1","","","5.0","5","","Asia > India > Himachal Pradesh > Shimla District > Shimla > Things to Do in Shimla","https://www.tripadvisor.com/Attraction_Review-g304552-d25267727-Reviews-High_In_Himalayas-Shimla_Shimla_District_Himachal_Pradesh.html","2024-02-29T18:56:07Z"
"Being Himalayan","","https://dynamic-media-cdn.tripadvisor.com/media/photo-o/15/f0/02/a8/caption.jpg?w=500&h=-1&s=1","","","5.0","10","","Asia > India > Himachal Pradesh > Shimla District > Shimla > Things to Do in Shimla","https://www.tripadvisor.com/Attraction_Review-g304552-d15688313-Reviews-Being_Himalayan-Shimla_Shimla_District_Himachal_Pradesh.html","2024-02-29T18:56:07Z"
"Kumharla Yuva Mandal NGO - Day Tours","","https://dynamic-media-cdn.tripadvisor.com/media/photo-o/05/7b/17/9d/kumharla-yuva-mandal.jpg?w=500&h=-1&s=1","","","4.5","11","","Asia > India > Himachal Pradesh > Shimla District > Shimla > Things to Do in Shimla","https://www.tripadvisor.com/Attraction_Review-g304552-d6380350-Reviews-Kumharla_Yuva_Mandal_NGO_Day_Tours-Shimla_Shimla_District_Himachal_Pradesh.html","2024-02-29T18:56:07Z"
"TAKE ME TO HIMALAYAS","","https://dynamic-media-cdn.tripadvisor.com/media/photo-o/1a/b3/4c/02/caption.jpg?w=500&h=400&s=1","","","5.0","7","","Asia > India > Himachal Pradesh > Shimla District > Shimla > Things to Do in Shimla","https://www.tripadvisor.com/Attraction_Review-g304552-d19932479-Reviews-TAKE_ME_TO_HIMALAYAS-Shimla_Shimla_District_Himachal_Pradesh.html","2024-02-29T18:56:07Z"
"HPTDC Shimla Sightseeing Tour","","https://dynamic-media-cdn.tripadvisor.com/media/photo-o/09/57/93/c0/hptdc-shimla-sightseeing.jpg?w=500&h=400&s=1","","","3.5","11","","Asia > India > Himachal Pradesh > Shimla District > Shimla > Things to Do in Shimla","https://www.tripadvisor.com/Attraction_Review-g304552-d7144207-Reviews-HPTDC_Shimla_Sightseeing_Tour-Shimla_Shimla_District_Himachal_Pradesh.html","2024-02-29T18:56:07Z"
"Highway To Himalayas Tours","","https://dynamic-media-cdn.tripadvisor.com/media/photo-o/1c/b5/95/3c/spot-the-trekkers.jpg?w=500&h=-1&s=1","","","5.0","5","","Asia > India > Himachal Pradesh > Shimla District > Shimla > Things to Do in Shimla","https://www.tripadvisor.com/Attraction_Review-g304552-d23201741-Reviews-Highway_To_Himalayas_Tours-Shimla_Shimla_District_Himachal_Pradesh.html","2024-02-29T18:56:07Z"
"Indian Travel Store","","https://dynamic-media-cdn.tripadvisor.com/media/photo-o/1c/d0/5f/f8/reception.jpg?w=500&h=400&s=1","","","4.0","6","","Asia > India > Himachal Pradesh > Shimla District > Shimla > Things to Do in Shimla","https://www.tripadvisor.com/Attraction_Review-g304552-d20993075-Reviews-Indian_Travel_Store-Shimla_Shimla_District_Himachal_Pradesh.html","2024-02-29T18:56:07Z"
"Being Out There","","https://dynamic-media-cdn.tripadvisor.com/media/photo-o/17/78/1c/1f/caption.jpg?w=500&h=400&s=1","","","5.0","4","","Asia > India > Himachal Pradesh > Shimla District > Shimla > Things to Do in Shimla","https://www.tripadvisor.com/Attraction_Review-g304552-d17441416-Reviews-Being_Out_There-Shimla_Shimla_District_Himachal_Pradesh.html","2024-02-29T18:56:07Z"
"Via Himalaya Tour & Travels","","https://dynamic-media-cdn.tripadvisor.com/media/photo-o/2a/40/6b/7a/caption.jpg?w=500&h=400&s=1","","","5.0","2","","Asia > India > Himachal Pradesh > Shimla District > Shimla > Things to Do in Shimla","https://www.tripadvisor.com/Attraction_Review-g304552-d25370752-Reviews-Via_Himalaya_Tour_Travels-Shimla_Shimla_District_Himachal_Pradesh.html","2024-02-29T18:56:07Z"
"Shimla Sightseeing Taxi","","https://dynamic-media-cdn.tripadvisor.com/media/photo-o/1a/91/7e/42/caption.jpg?w=500&h=400&s=1","","","4.0","6","","Asia > India > Himachal Pradesh > Shimla District > Shimla > Things to Do in Shimla","https://www.tripadvisor.com/Attraction_Review-g304552-d19874462-Reviews-Shimla_Sightseeing_Taxi-Shimla_Shimla_District_Himachal_Pradesh.html","2024-02-29T18:56:07Z"
"Kuruma Travels","","https://dynamic-media-cdn.tripadvisor.com/media/photo-o/1b/57/08/a6/car-rentals-pan-india.jpg?w=500&h=400&s=1","","","5.0","4","","Asia > India > Himachal Pradesh > Shimla District > Shimla > Things to Do in Shimla","https://www.tripadvisor.com/Attraction_Review-g304552-d20903518-Reviews-Kuruma_Travels-Shimla_Shimla_District_Himachal_Pradesh.html","2024-02-29T18:56:07Z"
"The Indian Safari","","https://dynamic-media-cdn.tripadvisor.com/media/photo-o/17/74/c2/60/taj-mahal-at-sunrise.jpg?w=500&h=400&s=1","","","4.5","2","","Asia > India > Himachal Pradesh > Shimla District > Shimla > Things to Do in Shimla","https://www.tripadvisor.com/Attraction_Review-g304552-d9996868-Reviews-The_Indian_Safari-Shimla_Shimla_District_Himachal_Pradesh.html","2024-02-29T18:56:07Z"
"Get And Go Himachal","","https://dynamic-media-cdn.tripadvisor.com/media/photo-o/1d/ab/59/f2/caption.jpg?w=500&h=400&s=1","","","5.0","2","","Asia > India > Himachal Pradesh > Shimla District > Shimla > Things to Do in Shimla","https://www.tripadvisor.com/Attraction_Review-g304552-d23603929-Reviews-Get_And_Go_Himachal-Shimla_Shimla_District_Himachal_Pradesh.html","2024-02-29T18:56:07Z"
"Hike in Himalaya","","https://dynamic-media-cdn.tripadvisor.com/media/photo-o/1d/57/0f/6b/caption.jpg?w=500&h=400&s=1","","","5.0","2","","Asia > India > Himachal Pradesh > Shimla District > Shimla > Things to Do in Shimla","https://www.tripadvisor.com/Attraction_Review-g304552-d23534534-Reviews-Hike_in_Himalaya-Shimla_Shimla_District_Himachal_Pradesh.html","2024-02-29T18:56:07Z"
"Motorcycle and Scooter Rental service","","https://dynamic-media-cdn.tripadvisor.com/media/photo-o/28/af/5b/37/caption.jpg?w=500&h=400&s=1","","","5.0","1","","Asia > India > Himachal Pradesh > Shimla District > Shimla > Things to Do in Shimla","https://www.tripadvisor.com/Attraction_Review-g304552-d25416732-Reviews-Motorcycle_and_Scooter_Rental_service-Shimla_Shimla_District_Himachal_Pradesh.html","2024-02-29T18:56:07Z"
"Aamod Nomads","","https://dynamic-media-cdn.tripadvisor.com/media/photo-o/18/7b/3e/b3/caption.jpg?w=500&h=400&s=1","","","5.0","2","","Asia > India > Himachal Pradesh > Shimla District > Shimla > Things to Do in Shimla","https://www.tripadvisor.com/Attraction_Review-g304552-d17791334-Reviews-Aamod_Nomads-Shimla_Shimla_District_Himachal_Pradesh.html","2024-02-29T18:56:07Z"
"Himachal Taxi Network","","https://dynamic-media-cdn.tripadvisor.com/media/photo-o/1a/9b/7a/af/caption.jpg?w=500&h=400&s=1","","","5.0","1","","Asia > India > Himachal Pradesh > Shimla District > Shimla > Things to Do in Shimla","https://www.tripadvisor.com/Attraction_Review-g304552-d19896611-Reviews-Himachal_Taxi_Network-Shimla_Shimla_District_Himachal_Pradesh.html","2024-02-29T18:56:07Z"
"Taxi Service in Shimla as a Shimla Local Sightseeing Taxi and Shimla Outstation Cabs","","https://dynamic-media-cdn.tripadvisor.com/media/photo-o/25/ae/c2/ab/shimla-taxi-service-shimla.jpg?w=500&h=400&s=1","","","5.0","1","","Asia > India > Himachal Pradesh > Shimla District > Shimla > Things to Do in Shimla","https://www.tripadvisor.com/Attraction_Review-g304552-d19888814-Reviews-Taxi_Service_in_Shimla_as_a_Shimla_Local_Sightseeing_Taxi_and_Shimla_Outstation_.html","2024-02-29T18:56:07Z"
"The Traveling Card","","https://dynamic-media-cdn.tripadvisor.com/media/photo-o/17/b9/d1/3e/caption.jpg?w=500&h=400&s=1","","","5.0","1","","Asia > India > Himachal Pradesh > Shimla District > Shimla > Things to Do in Shimla","https://www.tripadvisor.com/Attraction_Review-g304552-d17544131-Reviews-The_Traveling_Card-Shimla_Shimla_District_Himachal_Pradesh.html","2024-02-29T18:56:07Z"
"sunil kumar bhatia","","https://dynamic-media-cdn.tripadvisor.com/media/photo-o/21/7d/52/af/caption.jpg?w=500&h=400&s=1","","","5.0","1","","Asia > India > Himachal Pradesh > Shimla District > Shimla > Things to Do in Shimla","https://www.tripadvisor.com/Attraction_Review-g304552-d23775767-Reviews-Sunil_kumar_bhatia-Shimla_Shimla_District_Himachal_Pradesh.html","2024-02-29T18:56:07Z"
"PRO Himalayan tour & travel","","https://dynamic-media-cdn.tripadvisor.com/media/photo-o/2a/69/6f/e4/caption.jpg?w=500&h=400&s=1","","","5.0","1","","Asia > India > Himachal Pradesh > Shimla District > Shimla > Things to Do in Shimla","https://www.tripadvisor.com/Attraction_Review-g304552-d26682262-Reviews-PRO_Himalayan_tour_travel-Shimla_Shimla_District_Himachal_Pradesh.html","2024-02-29T18:56:07Z"
"Bicycle Tours Shimla","","https://dynamic-media-cdn.tripadvisor.com/media/photo-o/26/3e/2f/f4/caption.jpg?w=500&h=400&s=1","","","5.0","1","","Asia > India > Himachal Pradesh > Shimla District > Shimla > Things to Do in Shimla","https://www.tripadvisor.com/Attraction_Review-g304552-d25022818-Reviews-Bicycle_Tours_Shimla-Shimla_Shimla_District_Himachal_Pradesh.html","2024-02-29T18:56:07Z"
"Himachal Tourism Travel","","https://dynamic-media-cdn.tripadvisor.com/media/photo-o/19/c9/a5/2d/caption.jpg?w=500&h=400&s=1","","",0,"0","","Asia > India > Himachal Pradesh > Shimla District > Shimla > Things to Do in Shimla","https://www.tripadvisor.com/Attraction_Review-g304552-d19268693-Reviews-Himachal_Tourism_Travel-Shimla_Shimla_District_Himachal_Pradesh.html","2024-02-29T18:56:07Z"
"Yo Tours","","https://dynamic-media-cdn.tripadvisor.com/media/photo-o/1c/08/1e/2c/caption.jpg?w=500&h=400&s=1","","","3.5","2","","Asia > India > Himachal Pradesh > Shimla District > Shimla > Things to Do in Shimla","https://www.tripadvisor.com/Attraction_Review-g304552-d21296740-Reviews-Yo_Tours-Shimla_Shimla_District_Himachal_Pradesh.html","2024-02-29T18:56:07Z"
"HTR ADVENTURE","","https://dynamic-media-cdn.tripadvisor.com/media/photo-o/1a/3e/0f/73/caption.jpg?w=500&h=400&s=1","","",0,"0","","Asia > India > Himachal Pradesh > Shimla District > Shimla > Things to Do in Shimla","https://www.tripadvisor.com/Attraction_Review-g304552-d19649042-Reviews-HTR_ADVENTURE-Shimla_Shimla_District_Himachal_Pradesh.html","2024-02-29T18:56:07Z"
"THE THRILL HIMALAYA","","https://dynamic-media-cdn.tripadvisor.com/media/photo-o/1c/e1/9a/12/caption.jpg?w=500&h=400&s=1","","",0,"0","","Asia > India > Himachal Pradesh > Shimla District > Shimla > Things to Do in Shimla","https://www.tripadvisor.com/Attraction_Review-g304552-d23329844-Reviews-THE_THRILL_HIMALAYA-Shimla_Shimla_District_Himachal_Pradesh.html","2024-02-29T18:56:07Z"
"Tosko Travelz","","https://dynamic-media-cdn.tripadvisor.com/media/photo-o/1d/31/cc/f5/caption.jpg?w=500&h=400&s=1","","",0,"0","","Asia > India > Himachal Pradesh > Shimla District > Shimla > Things to Do in Shimla","https://www.tripadvisor.com/Attraction_Review-g304552-d23473131-Reviews-Tosko_Travelz-Shimla_Shimla_District_Himachal_Pradesh.html","2024-02-29T18:56:07Z"
"Trekatribe","","https://dynamic-media-cdn.tripadvisor.com/media/photo-o/19/49/0c/56/caption.jpg?w=500&h=400&s=1","","",0,"0","","Asia > India > Himachal Pradesh > Shimla District > Shimla > Things to Do in Shimla","https://www.tripadvisor.com/Attraction_Review-g304552-d18969891-Reviews-Trekatribe-Shimla_Shimla_District_Himachal_Pradesh.html","2024-02-29T18:56:07Z"
"Trek and Trudge PVT","","https://dynamic-media-cdn.tripadvisor.com/media/photo-o/1d/26/61/b0/caption.jpg?w=500&h=400&s=1","","",0,"0","","Asia > India > Himachal Pradesh > Shimla District > Shimla > Things to Do in Shimla","https://www.tripadvisor.com/Attraction_Review-g12676596-d23917937-Reviews-Trek_and_Trudge_PVT_LTD-Theog_Shimla_Shimla_District_Himachal_Pradesh.html","2024-02-29T18:56:07Z"
"Tour To Nature","","https://dynamic-media-cdn.tripadvisor.com/media/photo-o/27/ae/2f/be/caption.jpg?w=500&h=400&s=1","","",0,"0","","Asia > India > Himachal Pradesh > Shimla District > Shimla > Things to Do in Shimla","https://www.tripadvisor.com/Attraction_Review-g304552-d25248082-Reviews-Tour_To_Nature-Shimla_Shimla_District_Himachal_Pradesh.html","2024-02-29T18:56:07Z"
"My India Vacations","","https://dynamic-media-cdn.tripadvisor.com/media/photo-o/1e/2b/d2/29/caption.jpg?w=500&h=400&s=1","","","2.5","7","","Asia > India > Himachal Pradesh > Shimla District > Shimla > Things to Do in Shimla","https://www.tripadvisor.com/Attraction_Review-g304552-d23731149-Reviews-My_India_Vacations-Shimla_Shimla_District_Himachal_Pradesh.html","2024-02-29T18:56:07Z"
"Trek and Trudge PVT","","https://dynamic-media-cdn.tripadvisor.com/media/photo-o/22/33/74/0f/caption.jpg?w=500&h=400&s=1","","",0,"0","","Asia > India > Himachal Pradesh > Shimla District > Shimla > Things to Do in Shimla","https://www.tripadvisor.com/Attraction_Review-g304552-d23915491-Reviews-Trek_and_Trudge_PVT_LTD-Shimla_Shimla_District_Himachal_Pradesh.html","2024-02-29T18:56:07Z"
"Lokesh Guleria","","https://dynamic-media-cdn.tripadvisor.com/media/photo-o/18/0a/65/84/caption.jpg?w=500&h=400&s=1","","",0,"0","","Asia > India > Himachal Pradesh > Shimla District > Shimla > Things to Do in Shimla","https://www.tripadvisor.com/Attraction_Review-g304552-d17652976-Reviews-Lokesh_Guleria-Shimla_Shimla_District_Himachal_Pradesh.html","2024-02-29T18:56:07Z"
"Dream Tour N Travels","","https://dynamic-media-cdn.tripadvisor.com/media/photo-o/1c/61/f3/47/caption.jpg?w=500&h=400&s=1","","",0,"0","","Asia > India > Himachal Pradesh > Shimla District > Shimla > Things to Do in Shimla","https://www.tripadvisor.com/Attraction_Review-g304552-d21511617-Reviews-Dream_Tour_N_Travels-Shimla_Shimla_District_Himachal_Pradesh.html","2024-02-29T18:56:07Z"
"Raacho Trekkers","","","","",0,"0","","Asia > India > Himachal Pradesh > Shimla District > Shimla > Things to Do in Shimla","https://www.tripadvisor.com/Attraction_Review-g304552-d15856473-Reviews-Raacho_Trekkers-Shimla_Shimla_District_Himachal_Pradesh.html","2024-02-29T18:56:07Z"
"Viaggio Motoventure","","https://dynamic-media-cdn.tripadvisor.com/media/photo-o/19/87/76/16/caption.jpg?w=500&h=400&s=1","","",0,"0","","Asia > India > Himachal Pradesh > Shimla District > Shimla > Things to Do in Shimla","https://www.tripadvisor.com/Attraction_Review-g304552-d19119558-Reviews-Viaggio_Motoventure-Shimla_Shimla_District_Himachal_Pradesh.html","2024-02-29T18:56:07Z"
"The TravelMates","","https://dynamic-media-cdn.tripadvisor.com/media/photo-o/1d/1d/5e/75/caption.jpg?w=500&h=400&s=1","","",0,"0","","Asia > India > Himachal Pradesh > Shimla District > Shimla > Things to Do in Shimla","https://www.tripadvisor.com/Attraction_Review-g304552-d23448950-Reviews-The_TravelMates-Shimla_Shimla_District_Himachal_Pradesh.html","2024-02-29T18:56:07Z"
"Tourism Scouts India","","https://dynamic-media-cdn.tripadvisor.com/media/photo-o/27/ed/87/c0/caption.jpg?w=500&h=400&s=1","","",0,"0","","Asia > India > Himachal Pradesh > Shimla District > Shimla > Things to Do in Shimla","https://www.tripadvisor.com/Attraction_Review-g304552-d25273451-Reviews-Tourism_Scouts_India-Shimla_Shimla_District_Himachal_Pradesh.html","2024-02-29T18:56:07Z"
"Spiti Track and Travels","","https://dynamic-media-cdn.tripadvisor.com/media/photo-o/1c/fd/2a/f3/caption.jpg?w=500&h=400&s=1","","",0,"0","","Asia > India > Himachal Pradesh > Shimla District > Shimla > Things to Do in Shimla","https://www.tripadvisor.com/Attraction_Review-g304552-d23399562-Reviews-Spiti_Track_and_Travels-Shimla_Shimla_District_Himachal_Pradesh.html","2024-02-29T18:56:07Z"
"Prateek Kuthiala","","https://dynamic-media-cdn.tripadvisor.com/media/photo-o/17/b7/b4/af/caption.jpg?w=500&h=400&s=1","","",0,"0","","Asia > India > Himachal Pradesh > Shimla District > Shimla > Things to Do in Shimla","https://www.tripadvisor.com/Attraction_Review-g304552-d17542501-Reviews-Prateek_Kuthiala-Shimla_Shimla_District_Himachal_Pradesh.html","2024-02-29T18:56:07Z"
"Praveen Chauhan","","https://dynamic-media-cdn.tripadvisor.com/media/photo-o/18/3e/89/c7/caption.jpg?w=500&h=400&s=1","","",0,"0","","Asia > India > Himachal Pradesh > Shimla District > Shimla > Things to Do in Shimla","https://www.tripadvisor.com/Attraction_Review-g304552-d17724026-Reviews-Praveen_Chauhan-Shimla_Shimla_District_Himachal_Pradesh.html","2024-02-29T18:56:07Z"
"Bharatvacation","","","","",0,"0","","Asia > India > Himachal Pradesh > Shimla District > Shimla > Things to Do in Shimla","https://www.tripadvisor.com/Attraction_Review-g304552-d14134935-Reviews-Bharatvacation-Shimla_Shimla_District_Himachal_Pradesh.html","2024-02-29T18:56:07Z"
"Him Holidays-Shimla Car Rental","","https://dynamic-media-cdn.tripadvisor.com/media/photo-o/27/59/c7/d7/caption.jpg?w=500&h=400&s=1","","",0,"0","","Asia > India > Himachal Pradesh > Shimla District > Shimla > Things to Do in Shimla","https://www.tripadvisor.com/Attraction_Review-g304552-d25205476-Reviews-Him_Holidays_Shimla_Car_Rental-Shimla_Shimla_District_Himachal_Pradesh.html","2024-02-29T18:56:07Z"
"Himachal Hiking","","https://dynamic-media-cdn.tripadvisor.com/media/photo-o/1c/e8/62/a9/caption.jpg?w=500&h=400&s=1","","",0,"0","","Asia > India > Himachal Pradesh > Shimla District > Shimla > Things to Do in Shimla","https://www.tripadvisor.com/Attraction_Review-g304552-d23347860-Reviews-Himachal_Hiking-Shimla_Shimla_District_Himachal_Pradesh.html","2024-02-29T18:56:07Z"
"Holidays in Peace","","","","",0,"0","","Asia > India > Himachal Pradesh > Shimla District > Shimla > Things to Do in Shimla","https://www.tripadvisor.com/Attraction_Review-g304552-d19604765-Reviews-Holidays_in_Peace-Shimla_Shimla_District_Himachal_Pradesh.html","2024-02-29T18:56:07Z"
"Amazing India Travels","","https://dynamic-media-cdn.tripadvisor.com/media/photo-o/29/ef/9d/06/caption.jpg?w=500&h=400&s=1","","",0,"0","","Asia > India > Himachal Pradesh > Shimla District > Shimla > Things to Do in Shimla","https://www.tripadvisor.com/Attraction_Review-g304552-d26456459-Reviews-Amazing_India_Travels-Shimla_Shimla_District_Himachal_Pradesh.html","2024-02-29T18:56:07Z"
"Rana Sidhu","","https://dynamic-media-cdn.tripadvisor.com/media/photo-o/1f/ff/10/d1/caption.jpg?w=500&h=400&s=1","","",0,"0","","Asia > India > Himachal Pradesh > Shimla District > Shimla > Things to Do in Shimla","https://www.tripadvisor.com/Attraction_Review-g304552-d23699160-Reviews-Rana_Sidhu-Shimla_Shimla_District_Himachal_Pradesh.html","2024-02-29T18:56:07Z"
"Tour For Himalaya","","","","",0,"0","","Asia > India > Himachal Pradesh > Shimla District > Shimla > Things to Do in Shimla","https://www.tripadvisor.com/Attraction_Review-g304552-d25430752-Reviews-Tour_For_Himalaya-Shimla_Shimla_District_Himachal_Pradesh.html","2024-02-29T18:56:07Z"
"Opatrip.com Shimla","","https://dynamic-media-cdn.tripadvisor.com/media/photo-o/28/90/47/20/caption.jpg?w=500&h=400&s=1","","",0,"0","","Asia > India > Himachal Pradesh > Shimla District > Shimla > Things to Do in Shimla","https://www.tripadvisor.com/Attraction_Review-g304552-d25396562-Reviews-Opatrip_com_Shimla-Shimla_Shimla_District_Himachal_Pradesh.html","2024-02-29T18:56:07Z"
"Guydeez Shimla","","https://dynamic-media-cdn.tripadvisor.com/media/photo-o/29/25/e4/aa/caption.jpg?w=500&h=400&s=1","","",0,"0","","Asia > India > Himachal Pradesh > Shimla District > Shimla > Things to Do in Shimla","https://www.tripadvisor.com/Attraction_Review-g304552-d25787940-Reviews-Guydeez_Shimla-Shimla_Shimla_District_Himachal_Pradesh.html","2024-02-29T18:56:07Z"
"The Himalayan Calling","","","","",0,"0","","Asia > India > Himachal Pradesh > Shimla District > Shimla > Things to Do in Shimla","https://www.tripadvisor.com/Attraction_Review-g304552-d27317281-Reviews-The_Himalayan_Calling-Shimla_Shimla_District_Himachal_Pradesh.html","2024-02-29T18:56:07Z"
