name,address,email,image,label,phone,rating,review_Count,website,breadcrumb,url,timestamp
Thai Temple,,,"https://dynamic-media-cdn.tripadvisor.com/media/photo-o/10/ed/01/f1/img-20171009-wa0119-largejpg.jpg?w=100&h=-1&s=1, https://dynamic-media-cdn.tripadvisor.com/media/photo-o/1c/af/d7/86/shop-near-the-thai-temple.jpg?w=100&h=-1&s=1, https://dynamic-media-cdn.tripadvisor.com/media/photo-o/1c/af/d7/33/beautiful-garden-and.jpg?w=100&h=-1&s=1, https://dynamic-media-cdn.tripadvisor.com/media/photo-o/1c/af/d7/17/views-of-lotus-pond-from.jpg?w=100&h=-1&s=1, https://dynamic-media-cdn.tripadvisor.com/media/photo-o/1c/af/d6/e9/another-statue-of-lord.jpg?w=100&h=-1&s=1, https://dynamic-media-cdn.tripadvisor.com/media/photo-o/1c/af/d6/b5/statue-of-lord-buddha.jpg?w=100&h=-1&s=1, https://dynamic-media-cdn.tripadvisor.com/media/photo-o/1c/af/d6/6a/laughing-buddha-statue.jpg?w=100&h=-1&s=1, https://dynamic-media-cdn.tripadvisor.com/media/photo-o/1c/af/d6/47/close-views-of-the-beautiful.jpg?w=100&h=-1&s=1, https://dynamic-media-cdn.tripadvisor.com/media/photo-o/1c/af/d6/2e/views-of-thai-temple.jpg?w=100&h=-1&s=1, https://dynamic-media-cdn.tripadvisor.com/media/photo-o/1c/af/d5/d7/buddhist-monks-in-front.jpg?w=100&h=-1&s=1",,,4.5,80 reviews,,Asia > India > Uttar Pradesh > Varanasi District > Varanasi > Things to Do in Varanasi,https://www.tripadvisor.com/Attraction_Review-g297685-d3727265-Reviews-Thai_Temple-Varanasi_Varanasi_District_Uttar_Pradesh.html,2024-01-24T13:52:50Z
Bharat Kala Bhavan,"Varanasi Hindu University Opposit from Institute of Managemet Studies, Varanasi 221005 India",,,,,4.0,72 reviews,,Asia > India > Uttar Pradesh > Varanasi District > Varanasi > Things to Do in Varanasi,https://www.tripadvisor.com/Attraction_Review-g297685-d478217-Reviews-Bharat_Kala_Bhavan-Varanasi_Varanasi_District_Uttar_Pradesh.html,2024-01-24T13:52:58Z
Harishchandra Ghat,"Bangali Tola Road Near Manasarovar Ghat, Varanasi 221001 India",,"https://dynamic-media-cdn.tripadvisor.com/media/photo-o/0d/b2/62/bb/photo0jpg.jpg?w=100&h=-1&s=1, https://dynamic-media-cdn.tripadvisor.com/media/photo-o/0f/a4/ea/48/temple-near-harish-chander.jpg?w=100&h=-1&s=1, https://dynamic-media-cdn.tripadvisor.com/media/photo-o/0a/f3/a3/9b/harishchandra-ghat.jpg?w=100&h=-1&s=1, https://dynamic-media-cdn.tripadvisor.com/media/photo-o/07/45/f1/43/harishchandra-ghat.jpg?w=100&h=-1&s=1, https://dynamic-media-cdn.tripadvisor.com/media/photo-o/28/6c/d7/a3/caption.jpg?w=100&h=-1&s=1, https://dynamic-media-cdn.tripadvisor.com/media/photo-o/28/6c/d7/a2/caption.jpg?w=100&h=-1&s=1, https://dynamic-media-cdn.tripadvisor.com/media/photo-o/28/6c/d7/a1/caption.jpg?w=100&h=-1&s=1, https://dynamic-media-cdn.tripadvisor.com/media/photo-o/23/83/72/fc/harish-chandra-ghat.jpg?w=100&h=-1&s=1, https://dynamic-media-cdn.tripadvisor.com/media/photo-o/23/83/72/f8/harish-chandra-ghat.jpg?w=100&h=-1&s=1, https://dynamic-media-cdn.tripadvisor.com/media/photo-o/23/83/72/f1/harish-chandra-ghat.jpg?w=100&h=-1&s=1",,,4.0,139 reviews,,Asia > India > Uttar Pradesh > Varanasi District > Varanasi > Things to Do in Varanasi,https://www.tripadvisor.com/Attraction_Review-g297685-d4139125-Reviews-Harishchandra_Ghat-Varanasi_Varanasi_District_Uttar_Pradesh.html,2024-01-24T13:53:15Z
Kedar Ghat,,,"https://dynamic-media-cdn.tripadvisor.com/media/photo-o/10/21/e5/1d/caption.jpg?w=100&h=-1&s=1, https://dynamic-media-cdn.tripadvisor.com/media/photo-o/28/b8/7b/f6/ved-pathi-students-at.jpg?w=100&h=-1&s=1, https://dynamic-media-cdn.tripadvisor.com/media/photo-o/26/79/eb/45/kedar-ghat-has-been-exceptiona.jpg?w=100&h=-1&s=1, https://dynamic-media-cdn.tripadvisor.com/media/photo-o/26/1c/53/95/reception.jpg?w=100&h=-1&s=1, https://dynamic-media-cdn.tripadvisor.com/media/photo-o/26/1c/50/ff/attached-bath-with-hot.jpg?w=100&h=-1&s=1, https://dynamic-media-cdn.tripadvisor.com/media/photo-o/26/1c/4e/6d/deluxe-room-with-window.jpg?w=100&h=-1&s=1, https://dynamic-media-cdn.tripadvisor.com/media/photo-o/26/1c/4e/0f/deluxe-room-with-window.jpg?w=100&h=-1&s=1, https://dynamic-media-cdn.tripadvisor.com/media/photo-o/26/1c/49/fc/super-deluxe-ganga-view.jpg?w=100&h=-1&s=1, https://dynamic-media-cdn.tripadvisor.com/media/photo-o/26/1c/49/5d/super-deluxe-ganga-view.jpg?w=100&h=-1&s=1, https://dynamic-media-cdn.tripadvisor.com/media/photo-o/25/51/9c/42/passage.jpg?w=100&h=-1&s=1",,,4.5,195 reviews,,Asia > India > Uttar Pradesh > Varanasi District > Varanasi > Things to Do in Varanasi,https://www.tripadvisor.com/Attraction_Review-g297685-d3705604-Reviews-Kedar_Ghat-Varanasi_Varanasi_District_Uttar_Pradesh.html,2024-01-24T13:53:23Z
Kashi Vishwanath Temple,,,"https://dynamic-media-cdn.tripadvisor.com/media/photo-o/12/70/1e/32/img-20180319-074839-largejpg.jpg?w=100&h=-1&s=1, https://dynamic-media-cdn.tripadvisor.com/media/photo-o/2b/19/54/ca/caption.jpg?w=100&h=-1&s=1, https://dynamic-media-cdn.tripadvisor.com/media/photo-o/12/70/1e/32/img-20180319-074839-largejpg.jpg?w=100&h=-1&s=1, https://dynamic-media-cdn.tripadvisor.com/media/photo-o/2a/29/57/03/this-is-a-type-of-rudrabhishek.jpg?w=100&h=-1&s=1, https://dynamic-media-cdn.tripadvisor.com/media/photo-o/29/01/ed/da/kashi-vishwanath-temple.jpg?w=100&h=-1&s=1, https://dynamic-media-cdn.tripadvisor.com/media/photo-o/29/01/ed/d7/kashi-vishwanath-temple.jpg?w=100&h=-1&s=1, https://dynamic-media-cdn.tripadvisor.com/media/photo-o/28/bd/4e/e8/caption.jpg?w=100&h=-1&s=1, https://dynamic-media-cdn.tripadvisor.com/media/photo-o/28/bd/4e/e7/caption.jpg?w=100&h=-1&s=1, https://dynamic-media-cdn.tripadvisor.com/media/photo-o/28/bd/4e/e6/caption.jpg?w=100&h=-1&s=1, https://dynamic-media-cdn.tripadvisor.com/media/photo-o/28/bd/4e/e5/caption.jpg?w=100&h=-1&s=1",,,4.5,83 reviews,,Asia > India > Uttar Pradesh > Varanasi District > Varanasi > Things to Do in Varanasi,https://www.tripadvisor.com/Attraction_Review-g297685-d13859556-Reviews-Kashi_Vishwanath_Temple-Varanasi_Varanasi_District_Uttar_Pradesh.html,2024-01-24T13:53:34Z
Vishalakshi Temple,,,,,,5.0,55 reviews,,Asia > India > Uttar Pradesh > Varanasi District > Varanasi > Things to Do in Varanasi,https://www.tripadvisor.com/Attraction_Review-g297685-d10161249-Reviews-Vishalakshi_Temple-Varanasi_Varanasi_District_Uttar_Pradesh.html,2024-01-24T13:53:47Z
Ashul Sharma,"Man Mandir Ghat D 15/25 Near Varanasi Remembrances Dashashwmedh, Varanasi 221001 India",,"https://dynamic-media-cdn.tripadvisor.com/media/photo-o/05/4a/88/60/ashul-sharma.jpg?w=100&h=-1&s=1, https://dynamic-media-cdn.tripadvisor.com/media/photo-o/05/4a/89/29/ashul-sharma.jpg?w=100&h=-1&s=1, https://dynamic-media-cdn.tripadvisor.com/media/photo-o/05/4a/88/60/ashul-sharma.jpg?w=100&h=-1&s=1, https://dynamic-media-cdn.tripadvisor.com/media/photo-o/05/4a/88/1f/ashul-sharma.jpg?w=100&h=-1&s=1, https://dynamic-media-cdn.tripadvisor.com/media/photo-o/26/5e/4f/3d/ashul-sharma.jpg?w=100&h=-1&s=1, https://dynamic-media-cdn.tripadvisor.com/media/photo-o/1b/3b/ad/3a/magical-oils-full-of.jpg?w=100&h=-1&s=1, https://dynamic-media-cdn.tripadvisor.com/media/photo-o/1b/3b/a9/c3/more-pictures-that-surround.jpg?w=100&h=-1&s=1, https://dynamic-media-cdn.tripadvisor.com/media/photo-o/1b/3b/a9/bd/the-shop-is-filled-with.jpg?w=100&h=-1&s=1, https://dynamic-media-cdn.tripadvisor.com/media/photo-o/1b/3b/a9/b8/lakshmi-altaron-display.jpg?w=100&h=-1&s=1, https://dynamic-media-cdn.tripadvisor.com/media/photo-o/1b/3b/1e/9c/ashul-sharma.jpg?w=100&h=-1&s=1",,,5.0,102 reviews,,Asia > India > Uttar Pradesh > Varanasi District > Varanasi > Things to Do in Varanasi,https://www.tripadvisor.com/Attraction_Review-g297685-d3378602-Reviews-Ashul_Sharma-Varanasi_Varanasi_District_Uttar_Pradesh.html,2024-01-24T13:54:10Z
Archaeological Museum,Visit website,,"https://dynamic-media-cdn.tripadvisor.com/media/photo-o/13/4a/56/c4/outside-of-museum.jpg?w=100&h=-1&s=1, https://dynamic-media-cdn.tripadvisor.com/media/photo-o/09/df/37/63/archaeological-museum.jpg?w=100&h=-1&s=1, https://dynamic-media-cdn.tripadvisor.com/media/photo-o/1d/29/83/0c/sculptures-in-archaeological.jpg?w=100&h=-1&s=1, https://dynamic-media-cdn.tripadvisor.com/media/photo-o/1d/29/83/09/sculptures-in-archaeological.jpg?w=100&h=-1&s=1, https://dynamic-media-cdn.tripadvisor.com/media/photo-o/1d/29/83/06/sculptures-in-archaeological.jpg?w=100&h=-1&s=1, https://dynamic-media-cdn.tripadvisor.com/media/photo-o/1d/29/83/03/sculptures-in-archaeological.jpg?w=100&h=-1&s=1, https://dynamic-media-cdn.tripadvisor.com/media/photo-o/1d/29/83/01/sculptures-in-archaeological.jpg?w=100&h=-1&s=1, https://dynamic-media-cdn.tripadvisor.com/media/photo-o/1d/29/82/ff/sculptures-in-archaeological.jpg?w=100&h=-1&s=1, https://dynamic-media-cdn.tripadvisor.com/media/photo-o/1d/28/ff/3a/sculptures-in-archaeological.jpg?w=100&h=-1&s=1, https://dynamic-media-cdn.tripadvisor.com/media/photo-o/1d/28/ff/39/sculptures-in-archaeological.jpg?w=100&h=-1&s=1",,,4.5,327 reviews,,Asia > India > Uttar Pradesh > Varanasi District > Varanasi > Things to Do in Varanasi,https://www.tripadvisor.com/Attraction_Review-g297685-d3912765-Reviews-Archaeological_Museum-Varanasi_Varanasi_District_Uttar_Pradesh.html,2024-01-24T13:54:18Z
Ganga Aarti,"Plot No D 16 - 28 - a Dasaswamedh Ghat, Varanasi 221001 India",,"https://dynamic-media-cdn.tripadvisor.com/media/photo-o/18/52/e3/77/img-20190622-190002-largejpg.jpg?w=100&h=-1&s=1, https://dynamic-media-cdn.tripadvisor.com/media/photo-o/1b/6b/89/eb/view-from-a-nearby-terrace.jpg?w=100&h=-1&s=1, https://dynamic-media-cdn.tripadvisor.com/media/photo-o/1b/41/20/7f/ganga-aarti.jpg?w=100&h=-1&s=1, https://dynamic-media-cdn.tripadvisor.com/media/photo-o/18/52/e3/77/img-20190622-190002-largejpg.jpg?w=100&h=-1&s=1, https://dynamic-media-cdn.tripadvisor.com/media/photo-o/17/1b/1f/69/photo0jpg.jpg?w=100&h=-1&s=1, https://dynamic-media-cdn.tripadvisor.com/media/photo-o/2a/c3/a7/ee/caption.jpg?w=100&h=-1&s=1, https://dynamic-media-cdn.tripadvisor.com/media/photo-o/2a/c3/a7/ed/caption.jpg?w=100&h=-1&s=1, https://dynamic-media-cdn.tripadvisor.com/media/photo-o/2a/c3/a7/ec/caption.jpg?w=100&h=-1&s=1, https://dynamic-media-cdn.tripadvisor.com/media/photo-o/2a/c3/a7/eb/caption.jpg?w=100&h=-1&s=1, https://dynamic-media-cdn.tripadvisor.com/media/photo-o/2a/a6/11/c8/caption.jpg?w=100&h=-1&s=1",,,4.5,288 reviews,,Asia > India > Uttar Pradesh > Varanasi District > Varanasi > Things to Do in Varanasi,https://www.tripadvisor.com/Attraction_Review-g297685-d14049629-Reviews-Ganga_Aarti-Varanasi_Varanasi_District_Uttar_Pradesh.html,2024-01-24T13:55:14Z
New Vishwanath Temple,"Banaras Hindu University Campus, Varanasi 221005 India",,"https://dynamic-media-cdn.tripadvisor.com/media/photo-o/0f/fe/4d/48/new-vishwanath-temple.jpg?w=100&h=-1&s=1, https://dynamic-media-cdn.tripadvisor.com/media/photo-o/17/f5/16/40/interior-simple-e-impecable.jpg?w=100&h=-1&s=1, https://dynamic-media-cdn.tripadvisor.com/media/photo-o/0f/fe/53/2d/banaras-hindu-university.jpg?w=100&h=-1&s=1, https://dynamic-media-cdn.tripadvisor.com/media/photo-o/0f/fe/4d/48/new-vishwanath-temple.jpg?w=100&h=-1&s=1, https://dynamic-media-cdn.tripadvisor.com/media/photo-o/0d/f7/95/7d/new-vishwanath-temple.jpg?w=100&h=-1&s=1, https://dynamic-media-cdn.tripadvisor.com/media/photo-o/06/8a/71/e2/new-vishwanath-temple.jpg?w=100&h=-1&s=1, https://dynamic-media-cdn.tripadvisor.com/media/photo-o/04/17/a3/b8/new-vishwanath-temple.jpg?w=100&h=-1&s=1, https://dynamic-media-cdn.tripadvisor.com/media/photo-o/04/17/a3/50/new-vishwanath-temple.jpg?w=100&h=-1&s=1, https://dynamic-media-cdn.tripadvisor.com/media/photo-o/2a/24/1d/aa/caption.jpg?w=100&h=-1&s=1, https://dynamic-media-cdn.tripadvisor.com/media/photo-o/2a/24/1d/a9/caption.jpg?w=100&h=-1&s=1",,,4.5,595 reviews,,Asia > India > Uttar Pradesh > Varanasi District > Varanasi > Things to Do in Varanasi,https://www.tripadvisor.com/Attraction_Review-g297685-d3811975-Reviews-New_Vishwanath_Temple-Varanasi_Varanasi_District_Uttar_Pradesh.html,2024-01-24T13:55:24Z
Manikarnika Ghat,"Ghasi Tola Road, Varanasi 221001 India",,"https://dynamic-media-cdn.tripadvisor.com/media/photo-o/17/22/14/4b/photo3jpg.jpg?w=100&h=-1&s=1, https://dynamic-media-cdn.tripadvisor.com/media/photo-o/2b/1a/f7/bd/aghori-baba.jpg?w=100&h=-1&s=1, https://dynamic-media-cdn.tripadvisor.com/media/photo-o/01/54/22/6d/manikarnika-ghat.jpg?w=100&h=-1&s=1, https://dynamic-media-cdn.tripadvisor.com/media/photo-o/1a/84/3e/3e/manikarnika-ghat.jpg?w=100&h=-1&s=1, https://dynamic-media-cdn.tripadvisor.com/media/photo-o/1a/84/3e/3c/manikarnika-ghat.jpg?w=100&h=-1&s=1, https://dynamic-media-cdn.tripadvisor.com/media/photo-o/1a/84/3e/26/manikarnika-ghat.jpg?w=100&h=-1&s=1, https://dynamic-media-cdn.tripadvisor.com/media/photo-o/19/f6/96/b7/micheline-and-valerie.jpg?w=100&h=-1&s=1, https://dynamic-media-cdn.tripadvisor.com/media/photo-o/19/f6/92/c0/cremation-in-the-ghat.jpg?w=100&h=-1&s=1, https://dynamic-media-cdn.tripadvisor.com/media/photo-o/17/22/14/49/photo1jpg.jpg?w=100&h=-1&s=1, https://dynamic-media-cdn.tripadvisor.com/media/photo-o/16/da/c6/d3/20190121-171745-largejpg.jpg?w=100&h=-1&s=1",,,4.5,"1,181 reviews",,Asia > India > Uttar Pradesh > Varanasi District > Varanasi > Things to Do in Varanasi,https://www.tripadvisor.com/Attraction_Review-g297685-d324471-Reviews-Manikarnika_Ghat-Varanasi_Varanasi_District_Uttar_Pradesh.html,2024-01-24T13:55:35Z
Banaras Ghats,,,"https://dynamic-media-cdn.tripadvisor.com/media/photo-o/04/b1/33/f8/banaras-ghats.jpg?w=100&h=-1&s=1, https://dynamic-media-cdn.tripadvisor.com/media/photo-o/15/d5/7d/a2/explore-the-ghats.jpg?w=100&h=-1&s=1, https://dynamic-media-cdn.tripadvisor.com/media/photo-o/15/d5/7d/16/great-scenery.jpg?w=100&h=-1&s=1, https://dynamic-media-cdn.tripadvisor.com/media/photo-o/14/cd/aa/55/20180924-184708-largejpg.jpg?w=100&h=-1&s=1, https://dynamic-media-cdn.tripadvisor.com/media/photo-o/12/31/c6/69/ganga-aarti.jpg?w=100&h=-1&s=1, https://dynamic-media-cdn.tripadvisor.com/media/photo-o/0e/96/75/4a/ganga-ghat.jpg?w=100&h=-1&s=1, https://dynamic-media-cdn.tripadvisor.com/media/photo-o/0a/ab/d7/1c/photo2jpg.jpg?w=100&h=-1&s=1, https://dynamic-media-cdn.tripadvisor.com/media/photo-o/07/df/fc/11/un-des-principaux-ghat.jpg?w=100&h=-1&s=1, https://dynamic-media-cdn.tripadvisor.com/media/photo-o/07/ba/88/be/banaras-ghats.jpg?w=100&h=-1&s=1, https://dynamic-media-cdn.tripadvisor.com/media/photo-o/07/87/59/5e/banaras-ghats.jpg?w=100&h=-1&s=1",,,4.5,"1,855 reviews",,Asia > India > Uttar Pradesh > Varanasi District > Varanasi > Things to Do in Varanasi,https://www.tripadvisor.com/Attraction_Review-g297685-d317360-Reviews-Banaras_Ghats-Varanasi_Varanasi_District_Uttar_Pradesh.html,2024-01-24T13:56:04Z
Dasaswamedh Ghat,"Dasaswamedh Ghat Road Bangali Tola, Varanasi 221001 India",,"https://dynamic-media-cdn.tripadvisor.com/media/photo-o/09/f0/86/f7/dasaswamedh-ghat.jpg?w=100&h=-1&s=1, https://dynamic-media-cdn.tripadvisor.com/media/photo-o/2b/29/ae/ef/caption.jpg?w=100&h=-1&s=1, https://dynamic-media-cdn.tripadvisor.com/media/photo-o/2b/29/ae/ee/caption.jpg?w=100&h=-1&s=1, https://dynamic-media-cdn.tripadvisor.com/media/photo-o/2b/29/ae/ed/caption.jpg?w=100&h=-1&s=1, https://dynamic-media-cdn.tripadvisor.com/media/photo-o/2b/1c/d9/59/caption.jpg?w=100&h=-1&s=1, https://dynamic-media-cdn.tripadvisor.com/media/photo-o/2b/1c/d9/58/caption.jpg?w=100&h=-1&s=1, https://dynamic-media-cdn.tripadvisor.com/media/photo-o/2b/1c/d9/57/caption.jpg?w=100&h=-1&s=1, https://dynamic-media-cdn.tripadvisor.com/media/photo-o/2b/1c/d9/56/caption.jpg?w=100&h=-1&s=1, https://dynamic-media-cdn.tripadvisor.com/media/photo-o/2b/1c/d9/55/caption.jpg?w=100&h=-1&s=1, https://dynamic-media-cdn.tripadvisor.com/media/photo-o/01/bb/59/ec/colourful-scene-at-the.jpg?w=100&h=-1&s=1",,,4.5,"1,989 reviews",,Asia > India > Uttar Pradesh > Varanasi District > Varanasi > Things to Do in Varanasi,https://www.tripadvisor.com/Attraction_Review-g297685-d324472-Reviews-Dasaswamedh_Ghat-Varanasi_Varanasi_District_Uttar_Pradesh.html,2024-01-24T13:56:19Z
Sarnath,"Sarnath Via-Anlabereni, Varanasi 759026 India",,"https://dynamic-media-cdn.tripadvisor.com/media/photo-o/15/ee/12/6f/stupa.jpg?w=100&h=-1&s=1, https://dynamic-media-cdn.tripadvisor.com/media/photo-o/2b/3a/7a/56/caption.jpg?w=100&h=-1&s=1, https://dynamic-media-cdn.tripadvisor.com/media/photo-o/2b/3a/7a/55/caption.jpg?w=100&h=-1&s=1, https://dynamic-media-cdn.tripadvisor.com/media/photo-o/2b/3a/7a/54/caption.jpg?w=100&h=-1&s=1, https://dynamic-media-cdn.tripadvisor.com/media/photo-o/2b/3a/7a/53/caption.jpg?w=100&h=-1&s=1, https://dynamic-media-cdn.tripadvisor.com/media/photo-o/2b/3a/7a/52/caption.jpg?w=100&h=-1&s=1, https://dynamic-media-cdn.tripadvisor.com/media/photo-o/2b/3a/7a/51/caption.jpg?w=100&h=-1&s=1, https://dynamic-media-cdn.tripadvisor.com/media/photo-o/2b/3a/7a/50/caption.jpg?w=100&h=-1&s=1, https://dynamic-media-cdn.tripadvisor.com/media/photo-o/2b/21/b8/d9/caption.jpg?w=100&h=-1&s=1, https://dynamic-media-cdn.tripadvisor.com/media/photo-o/2b/21/1e/f5/at-the-80-foot-tall-buddha.jpg?w=100&h=-1&s=1",,,4.5,"3,024 reviews",,Asia > India > Uttar Pradesh > Varanasi District > Varanasi > Things to Do in Varanasi,https://www.tripadvisor.com/Attraction_Review-g297685-d478221-Reviews-Sarnath-Varanasi_Varanasi_District_Uttar_Pradesh.html,2024-01-24T13:56:27Z
Assi Ghat,"Sdkfjl, Varanasi 221005 India",,"https://dynamic-media-cdn.tripadvisor.com/media/photo-o/0f/ae/ed/5d/a-view-of-the-ghats-taken.jpg?w=100&h=-1&s=1, https://dynamic-media-cdn.tripadvisor.com/media/photo-o/2b/29/a9/bd/caption.jpg?w=100&h=-1&s=1, https://dynamic-media-cdn.tripadvisor.com/media/photo-o/2b/29/a9/bc/caption.jpg?w=100&h=-1&s=1, https://dynamic-media-cdn.tripadvisor.com/media/photo-o/2b/29/a9/bb/caption.jpg?w=100&h=-1&s=1, https://dynamic-media-cdn.tripadvisor.com/media/photo-o/01/5f/4c/e2/asi-ghat.jpg?w=100&h=-1&s=1, https://dynamic-media-cdn.tripadvisor.com/media/photo-o/1a/dc/f4/92/ag11.jpg?w=100&h=-1&s=1, https://dynamic-media-cdn.tripadvisor.com/media/photo-o/1a/dc/f4/54/ag4.jpg?w=100&h=-1&s=1, https://dynamic-media-cdn.tripadvisor.com/media/photo-o/17/03/40/c3/activities.jpg?w=100&h=-1&s=1, https://dynamic-media-cdn.tripadvisor.com/media/photo-o/16/15/40/aa/20181230-071128-largejpg.jpg?w=100&h=-1&s=1, https://dynamic-media-cdn.tripadvisor.com/media/photo-o/15/8e/ce/e8/awesome-place-for-spend.jpg?w=100&h=-1&s=1",,,4.5,"1,273 reviews",,Asia > India > Uttar Pradesh > Varanasi District > Varanasi > Things to Do in Varanasi,https://www.tripadvisor.com/Attraction_Review-g297685-d321162-Reviews-Assi_Ghat-Varanasi_Varanasi_District_Uttar_Pradesh.html,2024-01-24T13:57:15Z
Hanuman Ghat,,,,,,4.0,15 reviews,,Asia > India > Uttar Pradesh > Varanasi District > Varanasi > Things to Do in Varanasi,https://www.tripadvisor.com/Attraction_Review-g297685-d3913194-Reviews-Hanuman_Ghat-Varanasi_Varanasi_District_Uttar_Pradesh.html,2024-01-24T13:57:31Z
Man Singh Observatory,,,"https://dynamic-media-cdn.tripadvisor.com/media/photo-o/12/73/09/37/a-view-of-the-lower-quarters.jpg?w=100&h=-1&s=1, https://dynamic-media-cdn.tripadvisor.com/media/photo-o/2a/33/58/29/caption.jpg?w=100&h=-1&s=1, https://dynamic-media-cdn.tripadvisor.com/media/photo-o/2a/33/58/28/caption.jpg?w=100&h=-1&s=1, https://dynamic-media-cdn.tripadvisor.com/media/photo-o/2a/33/58/27/caption.jpg?w=100&h=-1&s=1, https://dynamic-media-cdn.tripadvisor.com/media/photo-o/2a/33/58/26/caption.jpg?w=100&h=-1&s=1, https://dynamic-media-cdn.tripadvisor.com/media/photo-o/2a/33/58/25/caption.jpg?w=100&h=-1&s=1, https://dynamic-media-cdn.tripadvisor.com/media/photo-o/2a/33/58/24/caption.jpg?w=100&h=-1&s=1, https://dynamic-media-cdn.tripadvisor.com/media/photo-o/2a/33/58/23/caption.jpg?w=100&h=-1&s=1, https://dynamic-media-cdn.tripadvisor.com/media/photo-o/2a/33/58/22/caption.jpg?w=100&h=-1&s=1, https://dynamic-media-cdn.tripadvisor.com/media/photo-o/23/4b/e3/96/inside.jpg?w=100&h=-1&s=1",,,4.5,11 reviews,,Asia > India > Uttar Pradesh > Varanasi District > Varanasi > Things to Do in Varanasi,https://www.tripadvisor.com/Attraction_Review-g297685-d13290403-Reviews-Man_Singh_Observatory-Varanasi_Varanasi_District_Uttar_Pradesh.html,2024-01-24T13:57:41Z
Jain Ghat,,,"https://dynamic-media-cdn.tripadvisor.com/media/photo-o/0e/21/4b/96/jain-ghat.jpg?w=100&h=-1&s=1, https://dynamic-media-cdn.tripadvisor.com/media/photo-o/10/70/8a/ac/jain-ghat.jpg?w=100&h=-1&s=1, https://dynamic-media-cdn.tripadvisor.com/media/photo-o/19/58/ce/c1/bachraj-ghat-the-three.jpg?w=100&h=-1&s=1, https://dynamic-media-cdn.tripadvisor.com/media/photo-o/18/a7/bd/0e/jain-ghat-varanasi.jpg?w=100&h=-1&s=1, https://dynamic-media-cdn.tripadvisor.com/media/photo-o/0e/21/4b/b2/decorations.jpg?w=100&h=-1&s=1, https://dynamic-media-cdn.tripadvisor.com/media/photo-o/0e/21/4b/aa/festival.jpg?w=100&h=-1&s=1, https://dynamic-media-cdn.tripadvisor.com/media/photo-o/0e/21/4b/a3/dev-deepavali.jpg?w=100&h=-1&s=1, https://dynamic-media-cdn.tripadvisor.com/media/photo-o/0e/21/4b/a2/at-night.jpg?w=100&h=-1&s=1, https://dynamic-media-cdn.tripadvisor.com/media/photo-o/0e/21/4b/9f/dev-deepavali.jpg?w=100&h=-1&s=1, https://dynamic-media-cdn.tripadvisor.com/media/photo-o/0e/21/4b/9a/pilgrimages.jpg?w=100&h=-1&s=1",,,4.5,13 reviews,,Asia > India > Uttar Pradesh > Varanasi District > Varanasi > Things to Do in Varanasi,https://www.tripadvisor.com/Attraction_Review-g297685-d8492045-Reviews-Jain_Ghat-Varanasi_Varanasi_District_Uttar_Pradesh.html,2024-01-24T13:58:12Z
Ramnagar Fort,"Kila Road Ramnagar Crossing, Varanasi 221008 India",,"https://dynamic-media-cdn.tripadvisor.com/media/photo-o/0e/08/1f/33/outside.jpg?w=100&h=-1&s=1, https://dynamic-media-cdn.tripadvisor.com/media/photo-o/2b/1c/dd/70/caption.jpg?w=100&h=-1&s=1, https://dynamic-media-cdn.tripadvisor.com/media/photo-o/2b/1c/dd/6e/caption.jpg?w=100&h=-1&s=1, https://dynamic-media-cdn.tripadvisor.com/media/photo-o/2b/1c/dd/6c/caption.jpg?w=100&h=-1&s=1, https://dynamic-media-cdn.tripadvisor.com/media/photo-o/2b/1c/dd/6a/caption.jpg?w=100&h=-1&s=1, https://dynamic-media-cdn.tripadvisor.com/media/photo-o/2b/1c/dd/68/caption.jpg?w=100&h=-1&s=1, https://dynamic-media-cdn.tripadvisor.com/media/photo-o/0e/08/1f/39/in-the-compound.jpg?w=100&h=-1&s=1, https://dynamic-media-cdn.tripadvisor.com/media/photo-o/16/e3/f9/f9/img-20190315-105557-largejpg.jpg?w=100&h=-1&s=1, https://dynamic-media-cdn.tripadvisor.com/media/photo-o/16/e3/f9/f4/img-20190315-111501-largejpg.jpg?w=100&h=-1&s=1, https://dynamic-media-cdn.tripadvisor.com/media/photo-o/12/a0/0f/83/ramnagar-fort.jpg?w=100&h=-1&s=1",,,3.5,331 reviews,,Asia > India > Uttar Pradesh > Varanasi District > Varanasi > Things to Do in Varanasi,https://www.tripadvisor.com/Attraction_Review-g297685-d2531640-Reviews-Ramnagar_Fort-Varanasi_Varanasi_District_Uttar_Pradesh.html,2024-01-24T13:58:27Z
ISKCON Varanasi,"Durgakund Road, Varanasi 221010 India",,,,,4.0,34 reviews,,Asia > India > Uttar Pradesh > Varanasi District > Varanasi > Things to Do in Varanasi,https://www.tripadvisor.com/Attraction_Review-g297685-d3953737-Reviews-ISKCON_Varanasi-Varanasi_Varanasi_District_Uttar_Pradesh.html,2024-01-24T13:58:47Z
Horinji Temple,"Baraipur, Sarnath, Varanasi 221007 India",,"https://dynamic-media-cdn.tripadvisor.com/media/photo-o/0c/f1/9a/42/caption.jpg?w=100&h=-1&s=1, https://dynamic-media-cdn.tripadvisor.com/media/photo-o/1c/a6/f5/90/the-backside-views-of.jpg?w=100&h=-1&s=1, https://dynamic-media-cdn.tripadvisor.com/media/photo-o/1c/a6/f4/71/front-views-of-beautiful.jpg?w=100&h=-1&s=1, https://dynamic-media-cdn.tripadvisor.com/media/photo-o/0c/f1/9a/42/caption.jpg?w=100&h=-1&s=1, https://dynamic-media-cdn.tripadvisor.com/media/photo-o/1c/f7/38/2c/horinji-japanese-temple.jpg?w=100&h=-1&s=1, https://dynamic-media-cdn.tripadvisor.com/media/photo-o/1c/f7/38/2b/horinji-japanese-temple.jpg?w=100&h=-1&s=1, https://dynamic-media-cdn.tripadvisor.com/media/photo-o/1c/f7/38/2a/horinji-japanese-temple.jpg?w=100&h=-1&s=1, https://dynamic-media-cdn.tripadvisor.com/media/photo-o/1c/f7/38/29/horinji-japanese-temple.jpg?w=100&h=-1&s=1, https://dynamic-media-cdn.tripadvisor.com/media/photo-o/1c/f7/38/28/horinji-japanese-temple.jpg?w=100&h=-1&s=1, https://dynamic-media-cdn.tripadvisor.com/media/photo-o/1c/f7/38/27/horinji-japanese-temple.jpg?w=100&h=-1&s=1",,,4.5,15 reviews,,Asia > India > Uttar Pradesh > Varanasi District > Varanasi > Things to Do in Varanasi,https://www.tripadvisor.com/Attraction_Review-g297685-d5512130-Reviews-Horinji_Temple-Varanasi_Varanasi_District_Uttar_Pradesh.html,2024-01-24T13:59:01Z
Malviya Bridge,,,"https://dynamic-media-cdn.tripadvisor.com/media/photo-o/08/05/22/ed/caption.jpg?w=100&h=-1&s=1, https://dynamic-media-cdn.tripadvisor.com/media/photo-o/0b/ff/13/26/malviya-bridge.jpg?w=100&h=-1&s=1, https://dynamic-media-cdn.tripadvisor.com/media/photo-o/1a/eb/3e/74/mb2.jpg?w=100&h=-1&s=1, https://dynamic-media-cdn.tripadvisor.com/media/photo-o/0f/9e/18/6a/the-dufferin-bridge-malviya.jpg?w=100&h=-1&s=1, https://dynamic-media-cdn.tripadvisor.com/media/photo-o/0f/9e/18/5c/the-dufferin-bridge-malviya.jpg?w=100&h=-1&s=1, https://dynamic-media-cdn.tripadvisor.com/media/photo-o/0f/9e/18/4d/the-dufferin-bridge-malviya.jpg?w=100&h=-1&s=1, https://dynamic-media-cdn.tripadvisor.com/media/photo-o/0f/9e/18/3a/the-dufferin-bridge-malviya.jpg?w=100&h=-1&s=1, https://dynamic-media-cdn.tripadvisor.com/media/photo-o/0f/9e/18/23/the-dufferin-bridge-malviya.jpg?w=100&h=-1&s=1, https://dynamic-media-cdn.tripadvisor.com/media/photo-o/0f/9e/18/12/the-dufferin-bridge-malviya.jpg?w=100&h=-1&s=1, https://dynamic-media-cdn.tripadvisor.com/media/photo-o/0f/9e/17/eb/the-dufferin-bridge-malviya.jpg?w=100&h=-1&s=1",,,4.5,36 reviews,,Asia > India > Uttar Pradesh > Varanasi District > Varanasi > Things to Do in Varanasi,https://www.tripadvisor.com/Attraction_Review-g297685-d5782416-Reviews-Malviya_Bridge-Varanasi_Varanasi_District_Uttar_Pradesh.html,2024-01-24T13:59:25Z
Bharat Mata Temple,"Vidyapith Road, Varanasi 221001 India",,"https://dynamic-media-cdn.tripadvisor.com/media/photo-o/17/b6/af/d4/img-20190523-171458935.jpg?w=100&h=-1&s=1, https://dynamic-media-cdn.tripadvisor.com/media/photo-o/16/09/db/a6/a-full-panoramic-image.jpg?w=100&h=-1&s=1, https://dynamic-media-cdn.tripadvisor.com/media/photo-o/16/09/d8/85/another-image-of-bharat.jpg?w=100&h=-1&s=1, https://dynamic-media-cdn.tripadvisor.com/media/photo-o/0b/0d/06/9f/jai-hind.jpg?w=100&h=-1&s=1, https://dynamic-media-cdn.tripadvisor.com/media/photo-o/0a/8c/57/38/the-3d-map-of-india-that.jpg?w=100&h=-1&s=1, https://dynamic-media-cdn.tripadvisor.com/media/photo-s/02/cd/e0/43/bharat-mata-temple.jpg?w=100&h=-1&s=1, https://dynamic-media-cdn.tripadvisor.com/media/photo-s/02/84/8d/6c/filename-india-ii-342.jpg?w=100&h=-1&s=1, https://dynamic-media-cdn.tripadvisor.com/media/photo-o/28/ef/21/81/himalaya-tibet-and-the.jpg?w=100&h=-1&s=1, https://dynamic-media-cdn.tripadvisor.com/media/photo-o/28/ef/21/78/the-dream-of-undivided.jpg?w=100&h=-1&s=1, https://dynamic-media-cdn.tripadvisor.com/media/photo-o/28/ef/21/77/relevant-info.jpg?w=100&h=-1&s=1",,,4.0,180 reviews,,Asia > India > Uttar Pradesh > Varanasi District > Varanasi > Things to Do in Varanasi,https://www.tripadvisor.com/Attraction_Review-g297685-d3152135-Reviews-Bharat_Mata_Temple-Varanasi_Varanasi_District_Uttar_Pradesh.html,2024-01-24T13:59:33Z
Darbhanga Ghat,Visit website,,"https://dynamic-media-cdn.tripadvisor.com/media/photo-o/17/f5/38/46/el-palacio-al-fondo-del.jpg?w=100&h=-1&s=1, https://dynamic-media-cdn.tripadvisor.com/media/photo-o/09/16/45/70/darbhanga-ghat.jpg?w=100&h=-1&s=1, https://dynamic-media-cdn.tripadvisor.com/media/photo-o/29/bc/0e/83/varanasi-from-brijrama.jpg?w=100&h=-1&s=1, https://dynamic-media-cdn.tripadvisor.com/media/photo-o/29/bc/0e/82/varanasi-from-brijrama.jpg?w=100&h=-1&s=1, https://dynamic-media-cdn.tripadvisor.com/media/photo-o/29/bc/0e/81/varanasi-from-brijrama.jpg?w=100&h=-1&s=1, https://dynamic-media-cdn.tripadvisor.com/media/photo-o/29/bc/0e/80/varanasi-from-brijrama.jpg?w=100&h=-1&s=1, https://dynamic-media-cdn.tripadvisor.com/media/photo-o/29/bc/0e/7f/varanasi-from-brijrama.jpg?w=100&h=-1&s=1, https://dynamic-media-cdn.tripadvisor.com/media/photo-o/29/bc/0e/7e/varanasi-from-brijrama.jpg?w=100&h=-1&s=1, https://dynamic-media-cdn.tripadvisor.com/media/photo-o/1c/f7/4a/61/darbhanga-ghat-sanju.jpg?w=100&h=-1&s=1, https://dynamic-media-cdn.tripadvisor.com/media/photo-o/1c/f7/4a/5d/darbhanga-ghat-sanju.jpg?w=100&h=-1&s=1",,,4.5,48 reviews,,Asia > India > Uttar Pradesh > Varanasi District > Varanasi > Things to Do in Varanasi,https://www.tripadvisor.com/Attraction_Review-g297685-d3913184-Reviews-Darbhanga_Ghat-Varanasi_Varanasi_District_Uttar_Pradesh.html,2024-01-24T13:59:45Z
Yoga Education Training Society,"D.32/162, Devnathpura, Bengalitola near Golden Sporting Club, Varanasi 221001 India",,"https://dynamic-media-cdn.tripadvisor.com/media/photo-o/18/e3/68/31/yoga-education-training.jpg?w=100&h=-1&s=1, https://dynamic-media-cdn.tripadvisor.com/media/photo-o/03/a9/c1/b4/yoga-education-training.jpg?w=100&h=-1&s=1, https://dynamic-media-cdn.tripadvisor.com/media/photo-o/08/19/50/38/volunteer-is-teching.jpg?w=100&h=-1&s=1, https://dynamic-media-cdn.tripadvisor.com/media/photo-o/14/b9/c9/23/after-yoga-lesson.jpg?w=100&h=-1&s=1, https://dynamic-media-cdn.tripadvisor.com/media/photo-o/14/b9/c7/9b/kids-on-the-roof-top.jpg?w=100&h=-1&s=1, https://dynamic-media-cdn.tripadvisor.com/media/photo-o/14/b9/c3/30/volunteer-with-children.jpg?w=100&h=-1&s=1, https://dynamic-media-cdn.tripadvisor.com/media/photo-o/13/42/bb/33/group-picture-with-the.jpg?w=100&h=-1&s=1, https://dynamic-media-cdn.tripadvisor.com/media/photo-o/13/42/b9/41/same-little-girl-is-giving.jpg?w=100&h=-1&s=1, https://dynamic-media-cdn.tripadvisor.com/media/photo-o/13/42/b7/99/little-child-is-very.jpg?w=100&h=-1&s=1, https://dynamic-media-cdn.tripadvisor.com/media/photo-o/13/42/b5/9d/happy-boy-with-volunteer.jpg?w=100&h=-1&s=1",,,5.0,931 reviews,,Asia > India > Uttar Pradesh > Varanasi District > Varanasi > Things to Do in Varanasi,https://www.tripadvisor.com/Attraction_Review-g297685-d2301492-Reviews-Yoga_Education_Training_Society-Varanasi_Varanasi_District_Uttar_Pradesh.html,2024-01-24T13:59:54Z
